values,unit,isced11,sex,geo,time
9664.0,NR,ED0,T,AT11,2018
58193.0,NR,ED0,T,AT12,2018
82286.0,NR,ED0,T,AT13,2018
16342.0,NR,ED0,T,AT21,2018
33882.0,NR,ED0,T,AT22,2018
50731.0,NR,ED0,T,AT31,2018
19488.0,NR,ED0,T,AT32,2018
27833.0,NR,ED0,T,AT33,2018
15912.0,NR,ED0,T,AT34,2018
0.0,NR,ED0,T,ATZZ,2018
,NR,ED0,T,BE10,2018
,NR,ED0,T,BE21,2018
,NR,ED0,T,BE22,2018
,NR,ED0,T,BE23,2018
,NR,ED0,T,BE24,2018
,NR,ED0,T,BE25,2018
,NR,ED0,T,BE31,2018
,NR,ED0,T,BE32,2018
,NR,ED0,T,BE33,2018
,NR,ED0,T,BE34,2018
,NR,ED0,T,BE35,2018
,NR,ED0,T,BEZZ,2018
22384.0,NR,ED0,T,BG31,2018
22163.0,NR,ED0,T,BG32,2018
28760.0,NR,ED0,T,BG33,2018
34148.0,NR,ED0,T,BG34,2018
70357.0,NR,ED0,T,BG41,2018
43065.0,NR,ED0,T,BG42,2018
0.0,NR,ED0,T,BGZZ,2018
34114.0,NR,ED0,T,CH01,2018
36987.0,NR,ED0,T,CH02,2018
23454.0,NR,ED0,T,CH03,2018
32435.0,NR,ED0,T,CH04,2018
23330.0,NR,ED0,T,CH05,2018
14922.0,NR,ED0,T,CH06,2018
8695.0,NR,ED0,T,CH07,2018
0.0,NR,ED0,T,CHZZ,2018
32573.0,NR,ED0,T,CY00,2018
44177.0,NR,ED0,T,CZ01,2018
50678.0,NR,ED0,T,CZ02,2018
41956.0,NR,ED0,T,CZ03,2018
35349.0,NR,ED0,T,CZ04,2018
52812.0,NR,ED0,T,CZ05,2018
59618.0,NR,ED0,T,CZ06,2018
42357.0,NR,ED0,T,CZ07,2018
39444.0,NR,ED0,T,CZ08,2018
0.0,NR,ED0,T,CZZZ,2018
95836.0,NR,ED0,T,DK01,2018
36696.0,NR,ED0,T,DK02,2018
56782.0,NR,ED0,T,DK03,2018
67758.0,NR,ED0,T,DK04,2018
25457.0,NR,ED0,T,DK05,2018
0.0,NR,ED0,T,DKZZ,2018
,NR,ED0,T,EE00,2018
,NR,ED0,T,EL30,2018
,NR,ED0,T,EL41,2018
,NR,ED0,T,EL42,2018
,NR,ED0,T,EL43,2018
,NR,ED0,T,EL51,2018
,NR,ED0,T,EL52,2018
,NR,ED0,T,EL53,2018
,NR,ED0,T,EL54,2018
,NR,ED0,T,EL61,2018
,NR,ED0,T,EL62,2018
,NR,ED0,T,EL63,2018
,NR,ED0,T,EL64,2018
,NR,ED0,T,EL65,2018
,NR,ED0,T,ELZZ,2018
86862.0,NR,ED0,T,ES11,2018
25156.0,NR,ED0,T,ES12,2018
18026.0,NR,ED0,T,ES13,2018
89068.0,NR,ED0,T,ES21,2018
24520.0,NR,ED0,T,ES22,2018
11864.0,NR,ED0,T,ES23,2018
47454.0,NR,ED0,T,ES24,2018
289708.0,NR,ED0,T,ES30,2018
65889.0,NR,ED0,T,ES41,2018
75761.0,NR,ED0,T,ES42,2018
35230.0,NR,ED0,T,ES43,2018
298829.0,NR,ED0,T,ES51,2018
179080.0,NR,ED0,T,ES52,2018
40314.0,NR,ED0,T,ES53,2018
354088.0,NR,ED0,T,ES61,2018
58166.0,NR,ED0,T,ES62,2018
3877.0,NR,ED0,T,ES63,2018
4870.0,NR,ED0,T,ES64,2018
60451.0,NR,ED0,T,ES70,2018
0.0,NR,ED0,T,ESZZ,2018
15221623.0,NR,ED0,T,EU27_2020,2018
17405814.0,NR,ED0,T,EU28,2018
65480.0,NR,ED0,T,FI19,2018
84703.0,NR,ED0,T,FI1B,2018
49958.0,NR,ED0,T,FI1C,2018
60306.0,NR,ED0,T,FI1D,2018
1427.0,NR,ED0,T,FI20,2018
4.0,NR,ED0,T,FIZZ,2018
507740.0,NR,ED0,T,FR10,2018
92747.0,NR,ED0,T,FRB0,2018
54076.0,NR,ED0,T,FRC1,2018
42851.0,NR,ED0,T,FRC2,2018
50508.0,NR,ED0,T,FRD1,2018
70744.0,NR,ED0,T,FRD2,2018
179338.0,NR,ED0,T,FRE1,2018
75814.0,NR,ED0,T,FRE2,2018
67134.0,NR,ED0,T,FRF1,2018
48079.0,NR,ED0,T,FRF2,2018
80642.0,NR,ED0,T,FRF3,2018
145702.0,NR,ED0,T,FRG0,2018
123144.0,NR,ED0,T,FRH0,2018
112853.0,NR,ED0,T,FRI1,2018
21694.0,NR,ED0,T,FRI2,2018
57703.0,NR,ED0,T,FRI3,2018
97796.0,NR,ED0,T,FRJ1,2018
103952.0,NR,ED0,T,FRJ2,2018
44097.0,NR,ED0,T,FRK1,2018
263092.0,NR,ED0,T,FRK2,2018
185250.0,NR,ED0,T,FRL0,2018
9352.0,NR,ED0,T,FRM0,2018
17841.0,NR,ED0,T,FRY1,2018
14013.0,NR,ED0,T,FRY2,2018
15408.0,NR,ED0,T,FRY3,2018
43697.0,NR,ED0,T,FRY4,2018
18012.0,NR,ED0,T,FRY5,2018
0.0,NR,ED0,T,FRZZ,2018
45515.0,NR,ED0,T,HR03,2018
93713.0,NR,ED0,T,HR04,2018
0.0,NR,ED0,T,HRZZ,2018
55809.0,NR,ED0,T,HU11,2018
47896.0,NR,ED0,T,HU12,2018
35247.0,NR,ED0,T,HU21,2018
30684.0,NR,ED0,T,HU22,2018
28310.0,NR,ED0,T,HU23,2018
39454.0,NR,ED0,T,HU31,2018
51058.0,NR,ED0,T,HU32,2018
39416.0,NR,ED0,T,HU33,2018
0.0,NR,ED0,T,HUZZ,2018
31776.0,NR,ED0,T,IE04,2018
57071.0,NR,ED0,T,IE05,2018
84107.0,NR,ED0,T,IE06,2018
0.0,NR,ED0,T,IEZZ,2018
19020.0,NR,ED0,T,IS00,2018
104105.0,NR,ED0,T,ITC1,2018
3172.0,NR,ED0,T,ITC2,2018
32611.0,NR,ED0,T,ITC3,2018
251775.0,NR,ED0,T,ITC4,2018
32655.0,NR,ED0,T,ITF1,2018
6668.0,NR,ED0,T,ITF2,2018
159400.0,NR,ED0,T,ITF3,2018
100804.0,NR,ED0,T,ITF4,2018
12767.0,NR,ED0,T,ITF5,2018
50930.0,NR,ED0,T,ITF6,2018
127227.0,NR,ED0,T,ITG1,2018
35529.0,NR,ED0,T,ITG2,2018
16698.0,NR,ED0,T,ITH1,2018
15223.0,NR,ED0,T,ITH2,2018
122693.0,NR,ED0,T,ITH3,2018
27874.0,NR,ED0,T,ITH4,2018
107132.0,NR,ED0,T,ITH5,2018
86933.0,NR,ED0,T,ITI1,2018
21407.0,NR,ED0,T,ITI2,2018
37445.0,NR,ED0,T,ITI3,2018
138242.0,NR,ED0,T,ITI4,2018
0.0,NR,ED0,T,ITZZ,2018
,NR,ED0,T,LI00,2018
44362.0,NR,ED0,T,LT01,2018
84535.0,NR,ED0,T,LT02,2018
,NR,ED0,T,LTZZ,2018
17584.0,NR,ED0,T,LU00,2018
96626.0,NR,ED0,T,LV00,2018
20769.0,NR,ED0,T,ME00,2018
37615.0,NR,ED0,T,MK00,2018
,NR,ED0,T,MT00,2018
10194.0,NR,ED0,T,NL11,2018
12772.0,NR,ED0,T,NL12,2018
9138.0,NR,ED0,T,NL13,2018
24109.0,NR,ED0,T,NL21,2018
40319.0,NR,ED0,T,NL22,2018
9650.0,NR,ED0,T,NL23,2018
28724.0,NR,ED0,T,NL31,2018
56110.0,NR,ED0,T,NL32,2018
78304.0,NR,ED0,T,NL33,2018
7044.0,NR,ED0,T,NL34,2018
47872.0,NR,ED0,T,NL41,2018
17763.0,NR,ED0,T,NL42,2018
133054.0,NR,ED0,T,NLZZ,2018
72525.0,NR,ED0,T,NO01,2018
17273.0,NR,ED0,T,NO02,2018
48762.0,NR,ED0,T,NO03,2018
44920.0,NR,ED0,T,NO04,2018
49062.0,NR,ED0,T,NO05,2018
24867.0,NR,ED0,T,NO06,2018
24213.0,NR,ED0,T,NO07,2018
0.0,NR,ED0,T,NOZZ,2018
128998.0,NR,ED0,T,PL21,2018
157459.0,NR,ED0,T,PL22,2018
137179.0,NR,ED0,T,PL41,2018
54184.0,NR,ED0,T,PL42,2018
35067.0,NR,ED0,T,PL43,2018
97561.0,NR,ED0,T,PL51,2018
31828.0,NR,ED0,T,PL52,2018
66616.0,NR,ED0,T,PL61,2018
45582.0,NR,ED0,T,PL62,2018
86019.0,NR,ED0,T,PL63,2018
82470.0,NR,ED0,T,PL71,2018
37594.0,NR,ED0,T,PL72,2018
70334.0,NR,ED0,T,PL81,2018
72288.0,NR,ED0,T,PL82,2018
38444.0,NR,ED0,T,PL84,2018
139010.0,NR,ED0,T,PL91,2018
80550.0,NR,ED0,T,PL92,2018
0.0,NR,ED0,T,PLZZ,2018
,NR,ED0,T,PT11,2018
,NR,ED0,T,PT15,2018
,NR,ED0,T,PT16,2018
,NR,ED0,T,PT17,2018
,NR,ED0,T,PT18,2018
,NR,ED0,T,PT20,2018
,NR,ED0,T,PT30,2018
,NR,ED0,T,PTZZ,2018
80397.0,NR,ED0,T,RO11,2018
74367.0,NR,ED0,T,RO12,2018
93858.0,NR,ED0,T,RO21,2018
64828.0,NR,ED0,T,RO22,2018
73107.0,NR,ED0,T,RO31,2018
59495.0,NR,ED0,T,RO32,2018
50146.0,NR,ED0,T,RO41,2018
45724.0,NR,ED0,T,RO42,2018
0.0,NR,ED0,T,ROZZ,2018
69320.0,NR,ED0,T,RS11,2018
59210.0,NR,ED0,T,RS12,2018
50075.0,NR,ED0,T,RS21,2018
34114.0,NR,ED0,T,RS22,2018
,NR,ED0,T,RSZZ,2018
151391.0,NR,ED0,T,SE11,2018
104746.0,NR,ED0,T,SE12,2018
52310.0,NR,ED0,T,SE21,2018
96353.0,NR,ED0,T,SE22,2018
123613.0,NR,ED0,T,SE23,2018
49099.0,NR,ED0,T,SE31,2018
21838.0,NR,ED0,T,SE32,2018
29735.0,NR,ED0,T,SE33,2018
0.0,NR,ED0,T,SEZZ,2018
43177.0,NR,ED0,T,SI03,2018
43526.0,NR,ED0,T,SI04,2018
0.0,NR,ED0,T,SIZZ,2018
24377.0,NR,ED0,T,SK01,2018
53589.0,NR,ED0,T,SK02,2018
39964.0,NR,ED0,T,SK03,2018
48382.0,NR,ED0,T,SK04,2018
0.0,NR,ED0,T,SKZZ,2018
,NR,ED0,T,TRZZ,2018
,NR,ED0,T,TR10,2018
,NR,ED0,T,TR21,2018
,NR,ED0,T,TR22,2018
,NR,ED0,T,TR31,2018
,NR,ED0,T,TR32,2018
,NR,ED0,T,TR33,2018
,NR,ED0,T,TR41,2018
,NR,ED0,T,TR42,2018
,NR,ED0,T,TR51,2018
,NR,ED0,T,TR52,2018
,NR,ED0,T,TR61,2018
,NR,ED0,T,TR62,2018
,NR,ED0,T,TR63,2018
,NR,ED0,T,TR71,2018
,NR,ED0,T,TR72,2018
,NR,ED0,T,TR81,2018
,NR,ED0,T,TR82,2018
,NR,ED0,T,TR83,2018
,NR,ED0,T,TR90,2018
,NR,ED0,T,TRA1,2018
,NR,ED0,T,TRA2,2018
,NR,ED0,T,TRB1,2018
,NR,ED0,T,TRB2,2018
,NR,ED0,T,TRC1,2018
,NR,ED0,T,TRC2,2018
,NR,ED0,T,TRC3,2018
10524.0,NR,ED1,T,AT11,2018
64665.0,NR,ED1,T,AT12,2018
72242.0,NR,ED1,T,AT13,2018
20609.0,NR,ED1,T,AT21,2018
44782.0,NR,ED1,T,AT22,2018
60199.0,NR,ED1,T,AT31,2018
20878.0,NR,ED1,T,AT32,2018
28470.0,NR,ED1,T,AT33,2018
16654.0,NR,ED1,T,AT34,2018
0.0,NR,ED1,T,ATZZ,2018
105850.0,NR,ED1,T,BE10,2018
134763.0,NR,ED1,T,BE21,2018
59962.0,NR,ED1,T,BE22,2018
106872.0,NR,ED1,T,BE23,2018
73309.0,NR,ED1,T,BE24,2018
77844.0,NR,ED1,T,BE25,2018
28592.0,NR,ED1,T,BE31,2018
100117.0,NR,ED1,T,BE32,2018
75329.0,NR,ED1,T,BE33,2018
23187.0,NR,ED1,T,BE34,2018
35411.0,NR,ED1,T,BE35,2018
0.0,NR,ED1,T,BEZZ,2018
27188.0,NR,ED1,T,BG31,2018
26031.0,NR,ED1,T,BG32,2018
34721.0,NR,ED1,T,BG33,2018
43705.0,NR,ED1,T,BG34,2018
78588.0,NR,ED1,T,BG41,2018
52502.0,NR,ED1,T,BG42,2018
0.0,NR,ED1,T,BGZZ,2018
105382.0,NR,ED1,T,CH01,2018
113765.0,NR,ED1,T,CH02,2018
70013.0,NR,ED1,T,CH03,2018
89393.0,NR,ED1,T,CH04,2018
69155.0,NR,ED1,T,CH05,2018
47815.0,NR,ED1,T,CH06,2018
19121.0,NR,ED1,T,CH07,2018
0.0,NR,ED1,T,CHZZ,2018
57079.0,NR,ED1,T,CY00,2018
69054.0,NR,ED1,T,CZ01,2018
81593.0,NR,ED1,T,CZ02,2018
66688.0,NR,ED1,T,CZ03,2018
62385.0,NR,ED1,T,CZ04,2018
84025.0,NR,ED1,T,CZ05,2018
91073.0,NR,ED1,T,CZ06,2018
65141.0,NR,ED1,T,CZ07,2018
63563.0,NR,ED1,T,CZ08,2018
0.0,NR,ED1,T,CZZZ,2018
143708.0,NR,ED1,T,DK01,2018
68841.0,NR,ED1,T,DK02,2018
99606.0,NR,ED1,T,DK03,2018
109884.0,NR,ED1,T,DK04,2018
46323.0,NR,ED1,T,DK05,2018
0.0,NR,ED1,T,DKZZ,2018
88107.0,NR,ED1,T,EE00,2018
224738.0,NR,ED1,T,EL30,2018
11320.0,NR,ED1,T,EL41,2018
22882.0,NR,ED1,T,EL42,2018
44208.0,NR,ED1,T,EL43,2018
34845.0,NR,ED1,T,EL51,2018
113574.0,NR,ED1,T,EL52,2018
15056.0,NR,ED1,T,EL53,2018
18003.0,NR,ED1,T,EL54,2018
42927.0,NR,ED1,T,EL61,2018
13183.0,NR,ED1,T,EL62,2018
40503.0,NR,ED1,T,EL63,2018
29636.0,NR,ED1,T,EL64,2018
32312.0,NR,ED1,T,EL65,2018
0.0,NR,ED1,T,ELZZ,2018
139156.0,NR,ED1,T,ES11,2018
50302.0,NR,ED1,T,ES12,2018
34248.0,NR,ED1,T,ES13,2018
138933.0,NR,ED1,T,ES21,2018
43415.0,NR,ED1,T,ES22,2018
19884.0,NR,ED1,T,ES23,2018
81761.0,NR,ED1,T,ES24,2018
438515.0,NR,ED1,T,ES30,2018
128827.0,NR,ED1,T,ES41,2018
134940.0,NR,ED1,T,ES42,2018
65177.0,NR,ED1,T,ES43,2018
516535.0,NR,ED1,T,ES51,2018
329252.0,NR,ED1,T,ES52,2018
72898.0,NR,ED1,T,ES53,2018
595787.0,NR,ED1,T,ES61,2018
111119.0,NR,ED1,T,ES62,2018
7796.0,NR,ED1,T,ES63,2018
8030.0,NR,ED1,T,ES64,2018
126821.0,NR,ED1,T,ES70,2018
0.0,NR,ED1,T,ESZZ,2018
24512832.0,NR,ED1,T,EU27_2020,2018
29405334.0,NR,ED1,T,EU28,2018
93685.0,NR,ED1,T,FI19,2018
111484.0,NR,ED1,T,FI1B,2018
72678.0,NR,ED1,T,FI1C,2018
89060.0,NR,ED1,T,FI1D,2018
1945.0,NR,ED1,T,FI20,2018
0.0,NR,ED1,T,FIZZ,2018
829030.0,NR,ED1,T,FR10,2018
161860.0,NR,ED1,T,FRB0,2018
92860.0,NR,ED1,T,FRC1,2018
74587.0,NR,ED1,T,FRC2,2018
87893.0,NR,ED1,T,FRD1,2018
121975.0,NR,ED1,T,FRD2,2018
281703.0,NR,ED1,T,FRE1,2018
128680.0,NR,ED1,T,FRE2,2018
116112.0,NR,ED1,T,FRF1,2018
82125.0,NR,ED1,T,FRF2,2018
137106.0,NR,ED1,T,FRF3,2018
249322.0,NR,ED1,T,FRG0,2018
205772.0,NR,ED1,T,FRH0,2018
199418.0,NR,ED1,T,FRI1,2018
38389.0,NR,ED1,T,FRI2,2018
103805.0,NR,ED1,T,FRI3,2018
171219.0,NR,ED1,T,FRJ1,2018
178692.0,NR,ED1,T,FRJ2,2018
75638.0,NR,ED1,T,FRK1,2018
439269.0,NR,ED1,T,FRK2,2018
313742.0,NR,ED1,T,FRL0,2018
16625.0,NR,ED1,T,FRM0,2018
31426.0,NR,ED1,T,FRY1,2018
23739.0,NR,ED1,T,FRY2,2018
28746.0,NR,ED1,T,FRY3,2018
74736.0,NR,ED1,T,FRY4,2018
37943.0,NR,ED1,T,FRY5,2018
0.0,NR,ED1,T,FRZZ,2018
53132.0,NR,ED1,T,HR03,2018
108608.0,NR,ED1,T,HR04,2018
0.0,NR,ED1,T,HRZZ,2018
65225.0,NR,ED1,T,HU11,2018
53291.0,NR,ED1,T,HU12,2018
39872.0,NR,ED1,T,HU21,2018
35958.0,NR,ED1,T,HU22,2018
31663.0,NR,ED1,T,HU23,2018
45199.0,NR,ED1,T,HU31,2018
57878.0,NR,ED1,T,HU32,2018
44751.0,NR,ED1,T,HU33,2018
0.0,NR,ED1,T,HUZZ,2018
100697.0,NR,ED1,T,IE04,2018
188199.0,NR,ED1,T,IE05,2018
275408.0,NR,ED1,T,IE06,2018
0.0,NR,ED1,T,IEZZ,2018
32421.0,NR,ED1,T,IS00,2018
201370.0,NR,ED1,T,ITC1,2018
5888.0,NR,ED1,T,ITC2,2018
64989.0,NR,ED1,T,ITC3,2018
496219.0,NR,ED1,T,ITC4,2018
57053.0,NR,ED1,T,ITF1,2018
13218.0,NR,ED1,T,ITF2,2018
300849.0,NR,ED1,T,ITF3,2018
189732.0,NR,ED1,T,ITF4,2018
23884.0,NR,ED1,T,ITF5,2018
90503.0,NR,ED1,T,ITF6,2018
243942.0,NR,ED1,T,ITG1,2018
68187.0,NR,ED1,T,ITG2,2018
27647.0,NR,ED1,T,ITH1,2018
27012.0,NR,ED1,T,ITH2,2018
237624.0,NR,ED1,T,ITH3,2018
52724.0,NR,ED1,T,ITH4,2018
214280.0,NR,ED1,T,ITH5,2018
168756.0,NR,ED1,T,ITI1,2018
38909.0,NR,ED1,T,ITI2,2018
71888.0,NR,ED1,T,ITI3,2018
276089.0,NR,ED1,T,ITI4,2018
0.0,NR,ED1,T,ITZZ,2018
1999.0,NR,ED1,T,LI00,2018
37142.0,NR,ED1,T,LT01,2018
79484.0,NR,ED1,T,LT02,2018
,NR,ED1,T,LTZZ,2018
38173.0,NR,ED1,T,LU00,2018
121674.0,NR,ED1,T,LV00,2018
39288.0,NR,ED1,T,ME00,2018
109818.0,NR,ED1,T,MK00,2018
26532.0,NR,ED1,T,MT00,2018
35667.0,NR,ED1,T,NL11,2018
45570.0,NR,ED1,T,NL12,2018
33372.0,NR,ED1,T,NL13,2018
84209.0,NR,ED1,T,NL21,2018
141511.0,NR,ED1,T,NL22,2018
33868.0,NR,ED1,T,NL23,2018
95939.0,NR,ED1,T,NL31,2018
187079.0,NR,ED1,T,NL32,2018
256673.0,NR,ED1,T,NL33,2018
24607.0,NR,ED1,T,NL34,2018
166918.0,NR,ED1,T,NL41,2018
62219.0,NR,ED1,T,NL42,2018
7386.0,NR,ED1,T,NLZZ,2018
107193.0,NR,ED1,T,NO01,2018
29479.0,NR,ED1,T,NO02,2018
83233.0,NR,ED1,T,NO03,2018
72700.0,NR,ED1,T,NO04,2018
77299.0,NR,ED1,T,NO05,2018
38356.0,NR,ED1,T,NO06,2018
39095.0,NR,ED1,T,NO07,2018
0.0,NR,ED1,T,NOZZ,2018
206866.0,NR,ED1,T,PL21,2018
256468.0,NR,ED1,T,PL22,2018
226735.0,NR,ED1,T,PL41,2018
95601.0,NR,ED1,T,PL42,2018
60945.0,NR,ED1,T,PL43,2018
161876.0,NR,ED1,T,PL51,2018
50429.0,NR,ED1,T,PL52,2018
123398.0,NR,ED1,T,PL61,2018
84191.0,NR,ED1,T,PL62,2018
148575.0,NR,ED1,T,PL63,2018
139315.0,NR,ED1,T,PL71,2018
67098.0,NR,ED1,T,PL72,2018
121683.0,NR,ED1,T,PL81,2018
122999.0,NR,ED1,T,PL82,2018
66268.0,NR,ED1,T,PL84,2018
200136.0,NR,ED1,T,PL91,2018
144900.0,NR,ED1,T,PL92,2018
0.0,NR,ED1,T,PLZZ,2018
205952.0,NR,ED1,T,PT11,2018
29656.0,NR,ED1,T,PT15,2018
119808.0,NR,ED1,T,PT16,2018
191063.0,NR,ED1,T,PT17,2018
41230.0,NR,ED1,T,PT18,2018
17375.0,NR,ED1,T,PT20,2018
16576.0,NR,ED1,T,PT30,2018
0.0,NR,ED1,T,PTZZ,2018
123866.0,NR,ED1,T,RO11,2018
120080.0,NR,ED1,T,RO12,2018
172499.0,NR,ED1,T,RO21,2018
120839.0,NR,ED1,T,RO22,2018
138333.0,NR,ED1,T,RO31,2018
109991.0,NR,ED1,T,RO32,2018
85014.0,NR,ED1,T,RO41,2018
77309.0,NR,ED1,T,RO42,2018
0.0,NR,ED1,T,ROZZ,2018
66039.0,NR,ED1,T,RS11,2018
71073.0,NR,ED1,T,RS12,2018
73617.0,NR,ED1,T,RS21,2018
54279.0,NR,ED1,T,RS22,2018
,NR,ED1,T,RSZZ,2018
214268.0,NR,ED1,T,SE11,2018
148572.0,NR,ED1,T,SE12,2018
73908.0,NR,ED1,T,SE21,2018
135959.0,NR,ED1,T,SE22,2018
177505.0,NR,ED1,T,SE23,2018
71290.0,NR,ED1,T,SE31,2018
32259.0,NR,ED1,T,SE32,2018
39730.0,NR,ED1,T,SE33,2018
0.0,NR,ED1,T,SEZZ,2018
65384.0,NR,ED1,T,SI03,2018
63738.0,NR,ED1,T,SI04,2018
0.0,NR,ED1,T,SIZZ,2018
29547.0,NR,ED1,T,SK01,2018
68561.0,NR,ED1,T,SK02,2018
54538.0,NR,ED1,T,SK03,2018
76810.0,NR,ED1,T,SK04,2018
0.0,NR,ED1,T,SKZZ,2018
,NR,ED1,T,TRZZ,2018
,NR,ED1,T,TR10,2018
,NR,ED1,T,TR21,2018
,NR,ED1,T,TR22,2018
,NR,ED1,T,TR31,2018
,NR,ED1,T,TR32,2018
,NR,ED1,T,TR33,2018
,NR,ED1,T,TR41,2018
,NR,ED1,T,TR42,2018
,NR,ED1,T,TR51,2018
,NR,ED1,T,TR52,2018
,NR,ED1,T,TR61,2018
,NR,ED1,T,TR62,2018
,NR,ED1,T,TR63,2018
,NR,ED1,T,TR71,2018
,NR,ED1,T,TR72,2018
,NR,ED1,T,TR81,2018
,NR,ED1,T,TR82,2018
,NR,ED1,T,TR83,2018
,NR,ED1,T,TR90,2018
,NR,ED1,T,TRA1,2018
,NR,ED1,T,TRA2,2018
,NR,ED1,T,TRB1,2018
,NR,ED1,T,TRB2,2018
,NR,ED1,T,TRC1,2018
,NR,ED1,T,TRC2,2018
,NR,ED1,T,TRC3,2018
10812.0,NR,ED2,T,AT11,2018
65663.0,NR,ED2,T,AT12,2018
70935.0,NR,ED2,T,AT13,2018
21038.0,NR,ED2,T,AT21,2018
44796.0,NR,ED2,T,AT22,2018
59056.0,NR,ED2,T,AT31,2018
22287.0,NR,ED2,T,AT32,2018
29357.0,NR,ED2,T,AT33,2018
17309.0,NR,ED2,T,AT34,2018
0.0,NR,ED2,T,ATZZ,2018
66157.0,NR,ED2,T,BE10,2018
67823.0,NR,ED2,T,BE21,2018
29278.0,NR,ED2,T,BE22,2018
52847.0,NR,ED2,T,BE23,2018
36570.0,NR,ED2,T,BE24,2018
39408.0,NR,ED2,T,BE25,2018
12023.0,NR,ED2,T,BE31,2018
55785.0,NR,ED2,T,BE32,2018
38915.0,NR,ED2,T,BE33,2018
11737.0,NR,ED2,T,BE34,2018
18147.0,NR,ED2,T,BE35,2018
0.0,NR,ED2,T,BEZZ,2018
23039.0,NR,ED2,T,BG31,2018
21046.0,NR,ED2,T,BG32,2018
26664.0,NR,ED2,T,BG33,2018
33483.0,NR,ED2,T,BG34,2018
56910.0,NR,ED2,T,BG41,2018
39396.0,NR,ED2,T,BG42,2018
0.0,NR,ED2,T,BGZZ,2018
54062.0,NR,ED2,T,CH01,2018
56307.0,NR,ED2,T,CH02,2018
34047.0,NR,ED2,T,CH03,2018
42413.0,NR,ED2,T,CH04,2018
35303.0,NR,ED2,T,CH05,2018
24041.0,NR,ED2,T,CH06,2018
9952.0,NR,ED2,T,CH07,2018
0.0,NR,ED2,T,CHZZ,2018
26826.0,NR,ED2,T,CY00,2018
45601.0,NR,ED2,T,CZ01,2018
49822.0,NR,ED2,T,CZ02,2018
45887.0,NR,ED2,T,CZ03,2018
44270.0,NR,ED2,T,CZ04,2018
57890.0,NR,ED2,T,CZ05,2018
62921.0,NR,ED2,T,CZ06,2018
46256.0,NR,ED2,T,CZ07,2018
45789.0,NR,ED2,T,CZ08,2018
0.0,NR,ED2,T,CZZZ,2018
63182.0,NR,ED2,T,DK01,2018
37978.0,NR,ED2,T,DK02,2018
55775.0,NR,ED2,T,DK03,2018
58556.0,NR,ED2,T,DK04,2018
24959.0,NR,ED2,T,DK05,2018
0.0,NR,ED2,T,DKZZ,2018
39280.0,NR,ED2,T,EE00,2018
110148.0,NR,ED2,T,EL30,2018
5865.0,NR,ED2,T,EL41,2018
11434.0,NR,ED2,T,EL42,2018
22178.0,NR,ED2,T,EL43,2018
18160.0,NR,ED2,T,EL51,2018
57507.0,NR,ED2,T,EL52,2018
8206.0,NR,ED2,T,EL53,2018
9041.0,NR,ED2,T,EL54,2018
21521.0,NR,ED2,T,EL61,2018
6780.0,NR,ED2,T,EL62,2018
20468.0,NR,ED2,T,EL63,2018
15516.0,NR,ED2,T,EL64,2018
16479.0,NR,ED2,T,EL65,2018
0.0,NR,ED2,T,ELZZ,2018
77768.0,NR,ED2,T,ES11,2018
27815.0,NR,ED2,T,ES12,2018
18790.0,NR,ED2,T,ES13,2018
72331.0,NR,ED2,T,ES21,2018
22390.0,NR,ED2,T,ES22,2018
10854.0,NR,ED2,T,ES23,2018
43012.0,NR,ED2,T,ES24,2018
232040.0,NR,ED2,T,ES30,2018
70553.0,NR,ED2,T,ES41,2018
81645.0,NR,ED2,T,ES42,2018
42551.0,NR,ED2,T,ES43,2018
264907.0,NR,ED2,T,ES51,2018
174691.0,NR,ED2,T,ES52,2018
41109.0,NR,ED2,T,ES53,2018
331804.0,NR,ED2,T,ES61,2018
59844.0,NR,ED2,T,ES62,2018
4634.0,NR,ED2,T,ES63,2018
4485.0,NR,ED2,T,ES64,2018
81063.0,NR,ED2,T,ES70,2018
0.0,NR,ED2,T,ESZZ,2018
18273241.0,NR,ED2,T,EU27_2020,2018
20961116.0,NR,ED2,T,EU28,2018
45485.0,NR,ED2,T,FI19,2018
53699.0,NR,ED2,T,FI1B,2018
36688.0,NR,ED2,T,FI1C,2018
44654.0,NR,ED2,T,FI1D,2018
942.0,NR,ED2,T,FI20,2018
0.0,NR,ED2,T,FIZZ,2018
621981.0,NR,ED2,T,FR10,2018
128290.0,NR,ED2,T,FRB0,2018
76279.0,NR,ED2,T,FRC1,2018
59543.0,NR,ED2,T,FRC2,2018
72065.0,NR,ED2,T,FRD1,2018
96288.0,NR,ED2,T,FRD2,2018
217435.0,NR,ED2,T,FRE1,2018
100708.0,NR,ED2,T,FRE2,2018
91020.0,NR,ED2,T,FRF1,2018
64941.0,NR,ED2,T,FRF2,2018
109372.0,NR,ED2,T,FRF3,2018
201975.0,NR,ED2,T,FRG0,2018
168694.0,NR,ED2,T,FRH0,2018
159239.0,NR,ED2,T,FRI1,2018
31303.0,NR,ED2,T,FRI2,2018
84853.0,NR,ED2,T,FRI3,2018
134697.0,NR,ED2,T,FRJ1,2018
140347.0,NR,ED2,T,FRJ2,2018
62754.0,NR,ED2,T,FRK1,2018
342371.0,NR,ED2,T,FRK2,2018
242525.0,NR,ED2,T,FRL0,2018
12974.0,NR,ED2,T,FRM0,2018
27407.0,NR,ED2,T,FRY1,2018
20161.0,NR,ED2,T,FRY2,2018
22633.0,NR,ED2,T,FRY3,2018
60444.0,NR,ED2,T,FRY4,2018
28658.0,NR,ED2,T,FRY5,2018
0.0,NR,ED2,T,FRZZ,2018
56649.0,NR,ED2,T,HR03,2018
117857.0,NR,ED2,T,HR04,2018
0.0,NR,ED2,T,HRZZ,2018
65474.0,NR,ED2,T,HU11,2018
53090.0,NR,ED2,T,HU12,2018
41776.0,NR,ED2,T,HU21,2018
38063.0,NR,ED2,T,HU22,2018
34083.0,NR,ED2,T,HU23,2018
48205.0,NR,ED2,T,HU31,2018
62509.0,NR,ED2,T,HU32,2018
48555.0,NR,ED2,T,HU33,2018
0.0,NR,ED2,T,HUZZ,2018
43998.0,NR,ED2,T,IE04,2018
81533.0,NR,ED2,T,IE05,2018
111048.0,NR,ED2,T,IE06,2018
0.0,NR,ED2,T,IEZZ,2018
12774.0,NR,ED2,T,IS00,2018
123232.0,NR,ED2,T,ITC1,2018
3600.0,NR,ED2,T,ITC2,2018
39916.0,NR,ED2,T,ITC3,2018
293414.0,NR,ED2,T,ITC4,2018
35273.0,NR,ED2,T,ITF1,2018
7962.0,NR,ED2,T,ITF2,2018
198574.0,NR,ED2,T,ITF3,2018
124149.0,NR,ED2,T,ITF4,2018
15685.0,NR,ED2,T,ITF5,2018
58475.0,NR,ED2,T,ITF6,2018
162612.0,NR,ED2,T,ITG1,2018
43498.0,NR,ED2,T,ITG2,2018
17337.0,NR,ED2,T,ITH1,2018
16750.0,NR,ED2,T,ITH2,2018
144749.0,NR,ED2,T,ITH3,2018
32264.0,NR,ED2,T,ITH4,2018
124305.0,NR,ED2,T,ITH5,2018
102190.0,NR,ED2,T,ITI1,2018
24029.0,NR,ED2,T,ITI2,2018
42361.0,NR,ED2,T,ITI3,2018
165501.0,NR,ED2,T,ITI4,2018
0.0,NR,ED2,T,ITZZ,2018
1527.0,NR,ED2,T,LI00,2018
45608.0,NR,ED2,T,LT01,2018
118759.0,NR,ED2,T,LT02,2018
,NR,ED2,T,LTZZ,2018
22455.0,NR,ED2,T,LU00,2018
56501.0,NR,ED2,T,LV00,2018
28824.0,NR,ED2,T,ME00,2018
83871.0,NR,ED2,T,MK00,2018
12777.0,NR,ED2,T,MT00,2018
24904.0,NR,ED2,T,NL11,2018
32863.0,NR,ED2,T,NL12,2018
24788.0,NR,ED2,T,NL13,2018
59635.0,NR,ED2,T,NL21,2018
101764.0,NR,ED2,T,NL22,2018
23510.0,NR,ED2,T,NL23,2018
61471.0,NR,ED2,T,NL31,2018
125159.0,NR,ED2,T,NL32,2018
166721.0,NR,ED2,T,NL33,2018
17572.0,NR,ED2,T,NL34,2018
115795.0,NR,ED2,T,NL41,2018
44229.0,NR,ED2,T,NL42,2018
3916.0,NR,ED2,T,NLZZ,2018
42469.0,NR,ED2,T,NO01,2018
13282.0,NR,ED2,T,NO02,2018
35665.0,NR,ED2,T,NO03,2018
28895.0,NR,ED2,T,NO04,2018
32752.0,NR,ED2,T,NO05,2018
15770.0,NR,ED2,T,NO06,2018
16841.0,NR,ED2,T,NO07,2018
9807.0,NR,ED2,T,NOZZ,2018
101079.0,NR,ED2,T,PL21,2018
120424.0,NR,ED2,T,PL22,2018
107110.0,NR,ED2,T,PL41,2018
46713.0,NR,ED2,T,PL42,2018
28530.0,NR,ED2,T,PL43,2018
74727.0,NR,ED2,T,PL51,2018
24766.0,NR,ED2,T,PL52,2018
60419.0,NR,ED2,T,PL61,2018
42289.0,NR,ED2,T,PL62,2018
72297.0,NR,ED2,T,PL63,2018
67871.0,NR,ED2,T,PL71,2018
34746.0,NR,ED2,T,PL72,2018
61287.0,NR,ED2,T,PL81,2018
62967.0,NR,ED2,T,PL82,2018
32583.0,NR,ED2,T,PL84,2018
89703.0,NR,ED2,T,PL91,2018
75150.0,NR,ED2,T,PL92,2018
0.0,NR,ED2,T,PLZZ,2018
125716.0,NR,ED2,T,PT11,2018
16505.0,NR,ED2,T,PT15,2018
73245.0,NR,ED2,T,PT16,2018
106209.0,NR,ED2,T,PT17,2018
24300.0,NR,ED2,T,PT18,2018
9831.0,NR,ED2,T,PT20,2018
10238.0,NR,ED2,T,PT30,2018
0.0,NR,ED2,T,PTZZ,2018
94772.0,NR,ED2,T,RO11,2018
89368.0,NR,ED2,T,RO12,2018
139817.0,NR,ED2,T,RO21,2018
93967.0,NR,ED2,T,RO22,2018
108596.0,NR,ED2,T,RO31,2018
73583.0,NR,ED2,T,RO32,2018
69561.0,NR,ED2,T,RO41,2018
60373.0,NR,ED2,T,RO42,2018
0.0,NR,ED2,T,ROZZ,2018
62958.0,NR,ED2,T,RS11,2018
74753.0,NR,ED2,T,RS12,2018
81200.0,NR,ED2,T,RS21,2018
59988.0,NR,ED2,T,RS22,2018
,NR,ED2,T,RSZZ,2018
88335.0,NR,ED2,T,SE11,2018
65657.0,NR,ED2,T,SE12,2018
32892.0,NR,ED2,T,SE21,2018
56124.0,NR,ED2,T,SE22,2018
75410.0,NR,ED2,T,SE23,2018
31773.0,NR,ED2,T,SE31,2018
14304.0,NR,ED2,T,SE32,2018
17752.0,NR,ED2,T,SE33,2018
0.0,NR,ED2,T,SEZZ,2018
28563.0,NR,ED2,T,SI03,2018
25975.0,NR,ED2,T,SI04,2018
0.0,NR,ED2,T,SIZZ,2018
28466.0,NR,ED2,T,SK01,2018
77811.0,NR,ED2,T,SK02,2018
63617.0,NR,ED2,T,SK03,2018
84339.0,NR,ED2,T,SK04,2018
0.0,NR,ED2,T,SKZZ,2018
,NR,ED2,T,TRZZ,2018
,NR,ED2,T,TR10,2018
,NR,ED2,T,TR21,2018
,NR,ED2,T,TR22,2018
,NR,ED2,T,TR31,2018
,NR,ED2,T,TR32,2018
,NR,ED2,T,TR33,2018
,NR,ED2,T,TR41,2018
,NR,ED2,T,TR42,2018
,NR,ED2,T,TR51,2018
,NR,ED2,T,TR52,2018
,NR,ED2,T,TR61,2018
,NR,ED2,T,TR62,2018
,NR,ED2,T,TR63,2018
,NR,ED2,T,TR71,2018
,NR,ED2,T,TR72,2018
,NR,ED2,T,TR81,2018
,NR,ED2,T,TR82,2018
,NR,ED2,T,TR83,2018
,NR,ED2,T,TR90,2018
,NR,ED2,T,TRA1,2018
,NR,ED2,T,TRA2,2018
,NR,ED2,T,TRB1,2018
,NR,ED2,T,TRB2,2018
,NR,ED2,T,TRC1,2018
,NR,ED2,T,TRC2,2018
,NR,ED2,T,TRC3,2018
