values,indic_de,unit,geo,time
20.5,PC_Y0_14,PC,AL011,2019
17.2,PC_Y0_14,PC,AL012,2019
20.8,PC_Y0_14,PC,AL013,2019
17.7,PC_Y0_14,PC,AL014,2019
17.1,PC_Y0_14,PC,AL015,2019
18.0,PC_Y0_14,PC,AL021,2019
16.8,PC_Y0_14,PC,AL022,2019
17.0,PC_Y0_14,PC,AL031,2019
17.2,PC_Y0_14,PC,AL032,2019
15.7,PC_Y0_14,PC,AL033,2019
17.2,PC_Y0_14,PC,AL034,2019
15.6,PC_Y0_14,PC,AL035,2019
12.6,PC_Y0_14,PC,AT111,2019
13.8,PC_Y0_14,PC,AT112,2019
12.4,PC_Y0_14,PC,AT113,2019
15.6,PC_Y0_14,PC,AT121,2019
14.5,PC_Y0_14,PC,AT122,2019
14.7,PC_Y0_14,PC,AT123,2019
13.2,PC_Y0_14,PC,AT124,2019
12.9,PC_Y0_14,PC,AT125,2019
14.8,PC_Y0_14,PC,AT126,2019
14.6,PC_Y0_14,PC,AT127,2019
14.6,PC_Y0_14,PC,AT130,2019
13.4,PC_Y0_14,PC,AT211,2019
13.1,PC_Y0_14,PC,AT212,2019
13.7,PC_Y0_14,PC,AT213,2019
13.7,PC_Y0_14,PC,AT221,2019
13.3,PC_Y0_14,PC,AT222,2019
11.9,PC_Y0_14,PC,AT223,2019
14.1,PC_Y0_14,PC,AT224,2019
13.2,PC_Y0_14,PC,AT225,2019
12.9,PC_Y0_14,PC,AT226,2019
14.9,PC_Y0_14,PC,AT311,2019
15.0,PC_Y0_14,PC,AT312,2019
16.0,PC_Y0_14,PC,AT313,2019
14.9,PC_Y0_14,PC,AT314,2019
15.0,PC_Y0_14,PC,AT315,2019
14.0,PC_Y0_14,PC,AT321,2019
15.0,PC_Y0_14,PC,AT322,2019
14.5,PC_Y0_14,PC,AT323,2019
14.2,PC_Y0_14,PC,AT331,2019
14.0,PC_Y0_14,PC,AT332,2019
14.6,PC_Y0_14,PC,AT333,2019
15.6,PC_Y0_14,PC,AT334,2019
15.0,PC_Y0_14,PC,AT335,2019
16.0,PC_Y0_14,PC,AT341,2019
16.1,PC_Y0_14,PC,AT342,2019
19.7,PC_Y0_14,PC,BE100,2019
17.7,PC_Y0_14,PC,BE211,2019
16.5,PC_Y0_14,PC,BE212,2019
15.7,PC_Y0_14,PC,BE213,2019
15.6,PC_Y0_14,PC,BE221,2019
15.6,PC_Y0_14,PC,BE222,2019
15.3,PC_Y0_14,PC,BE223,2019
16.2,PC_Y0_14,PC,BE231,2019
16.2,PC_Y0_14,PC,BE232,2019
15.2,PC_Y0_14,PC,BE233,2019
16.1,PC_Y0_14,PC,BE234,2019
16.7,PC_Y0_14,PC,BE235,2019
17.4,PC_Y0_14,PC,BE236,2019
18.1,PC_Y0_14,PC,BE241,2019
15.8,PC_Y0_14,PC,BE242,2019
13.6,PC_Y0_14,PC,BE251,2019
16.6,PC_Y0_14,PC,BE252,2019
16.3,PC_Y0_14,PC,BE253,2019
16.3,PC_Y0_14,PC,BE254,2019
13.4,PC_Y0_14,PC,BE255,2019
16.1,PC_Y0_14,PC,BE256,2019
16.1,PC_Y0_14,PC,BE257,2019
11.2,PC_Y0_14,PC,BE258,2019
17.0,PC_Y0_14,PC,BE310,2019
16.5,PC_Y0_14,PC,BE321,2019
17.9,PC_Y0_14,PC,BE322,2019
17.1,PC_Y0_14,PC,BE323,2019
18.3,PC_Y0_14,PC,BE324,2019
17.3,PC_Y0_14,PC,BE325,2019
16.3,PC_Y0_14,PC,BE326,2019
16.0,PC_Y0_14,PC,BE327,2019
17.2,PC_Y0_14,PC,BE331,2019
17.0,PC_Y0_14,PC,BE332,2019
17.1,PC_Y0_14,PC,BE334,2019
17.6,PC_Y0_14,PC,BE335,2019
15.9,PC_Y0_14,PC,BE336,2019
17.8,PC_Y0_14,PC,BE341,2019
18.8,PC_Y0_14,PC,BE342,2019
16.5,PC_Y0_14,PC,BE343,2019
18.7,PC_Y0_14,PC,BE344,2019
18.3,PC_Y0_14,PC,BE345,2019
17.0,PC_Y0_14,PC,BE351,2019
17.0,PC_Y0_14,PC,BE352,2019
16.0,PC_Y0_14,PC,BE353,2019
12.1,PC_Y0_14,PC,BG311,2019
13.6,PC_Y0_14,PC,BG312,2019
13.7,PC_Y0_14,PC,BG313,2019
13.9,PC_Y0_14,PC,BG314,2019
13.4,PC_Y0_14,PC,BG315,2019
12.7,PC_Y0_14,PC,BG321,2019
11.6,PC_Y0_14,PC,BG322,2019
12.8,PC_Y0_14,PC,BG323,2019
13.7,PC_Y0_14,PC,BG324,2019
13.7,PC_Y0_14,PC,BG325,2019
15.2,PC_Y0_14,PC,BG331,2019
14.2,PC_Y0_14,PC,BG332,2019
14.0,PC_Y0_14,PC,BG333,2019
14.8,PC_Y0_14,PC,BG334,2019
15.6,PC_Y0_14,PC,BG341,2019
18.5,PC_Y0_14,PC,BG342,2019
15.0,PC_Y0_14,PC,BG343,2019
15.0,PC_Y0_14,PC,BG344,2019
14.6,PC_Y0_14,PC,BG411,2019
13.8,PC_Y0_14,PC,BG412,2019
14.6,PC_Y0_14,PC,BG413,2019
12.4,PC_Y0_14,PC,BG414,2019
12.1,PC_Y0_14,PC,BG415,2019
14.7,PC_Y0_14,PC,BG421,2019
14.5,PC_Y0_14,PC,BG422,2019
15.1,PC_Y0_14,PC,BG423,2019
11.5,PC_Y0_14,PC,BG424,2019
14.4,PC_Y0_14,PC,BG425,2019
16.2,PC_Y0_14,PC,CH011,2019
14.6,PC_Y0_14,PC,CH012,2019
15.8,PC_Y0_14,PC,CH013,2019
14.4,PC_Y0_14,PC,CH021,2019
16.6,PC_Y0_14,PC,CH022,2019
14.2,PC_Y0_14,PC,CH023,2019
15.5,PC_Y0_14,PC,CH024,2019
15.1,PC_Y0_14,PC,CH025,2019
13.4,PC_Y0_14,PC,CH031,2019
14.3,PC_Y0_14,PC,CH032,2019
15.3,PC_Y0_14,PC,CH033,2019
15.2,PC_Y0_14,PC,CH040,2019
14.3,PC_Y0_14,PC,CH051,2019
14.0,PC_Y0_14,PC,CH052,2019
15.2,PC_Y0_14,PC,CH053,2019
15.8,PC_Y0_14,PC,CH054,2019
15.3,PC_Y0_14,PC,CH055,2019
13.1,PC_Y0_14,PC,CH056,2019
15.3,PC_Y0_14,PC,CH057,2019
15.3,PC_Y0_14,PC,CH061,2019
14.8,PC_Y0_14,PC,CH062,2019
14.5,PC_Y0_14,PC,CH063,2019
15.1,PC_Y0_14,PC,CH064,2019
13.6,PC_Y0_14,PC,CH065,2019
15.4,PC_Y0_14,PC,CH066,2019
13.2,PC_Y0_14,PC,CH070,2019
16.1,PC_Y0_14,PC,CY000,2019
15.8,PC_Y0_14,PC,CZ010,2019
17.7,PC_Y0_14,PC,CZ020,2019
15.8,PC_Y0_14,PC,CZ031,2019
15.4,PC_Y0_14,PC,CZ032,2019
15.1,PC_Y0_14,PC,CZ041,2019
16.0,PC_Y0_14,PC,CZ042,2019
16.2,PC_Y0_14,PC,CZ051,2019
15.5,PC_Y0_14,PC,CZ052,2019
15.8,PC_Y0_14,PC,CZ053,2019
15.4,PC_Y0_14,PC,CZ063,2019
15.9,PC_Y0_14,PC,CZ064,2019
15.6,PC_Y0_14,PC,CZ071,2019
15.1,PC_Y0_14,PC,CZ072,2019
15.2,PC_Y0_14,PC,CZ080,2019
13.0,PC_Y0_14,PC,DE111,2019
14.9,PC_Y0_14,PC,DE112,2019
14.0,PC_Y0_14,PC,DE113,2019
13.9,PC_Y0_14,PC,DE114,2019
14.6,PC_Y0_14,PC,DE115,2019
14.1,PC_Y0_14,PC,DE116,2019
14.5,PC_Y0_14,PC,DE117,2019
14.4,PC_Y0_14,PC,DE118,2019
14.2,PC_Y0_14,PC,DE119,2019
14.6,PC_Y0_14,PC,DE11A,2019
13.3,PC_Y0_14,PC,DE11B,2019
14.0,PC_Y0_14,PC,DE11C,2019
14.0,PC_Y0_14,PC,DE11D,2019
11.9,PC_Y0_14,PC,DE121,2019
12.0,PC_Y0_14,PC,DE122,2019
13.8,PC_Y0_14,PC,DE123,2019
13.4,PC_Y0_14,PC,DE124,2019
12.1,PC_Y0_14,PC,DE125,2019
12.9,PC_Y0_14,PC,DE126,2019
13.4,PC_Y0_14,PC,DE127,2019
14.0,PC_Y0_14,PC,DE128,2019
14.9,PC_Y0_14,PC,DE129,2019
14.0,PC_Y0_14,PC,DE12A,2019
13.9,PC_Y0_14,PC,DE12B,2019
14.1,PC_Y0_14,PC,DE12C,2019
13.4,PC_Y0_14,PC,DE131,2019
14.3,PC_Y0_14,PC,DE132,2019
14.3,PC_Y0_14,PC,DE133,2019
14.2,PC_Y0_14,PC,DE134,2019
14.4,PC_Y0_14,PC,DE135,2019
13.7,PC_Y0_14,PC,DE136,2019
15.3,PC_Y0_14,PC,DE137,2019
13.5,PC_Y0_14,PC,DE138,2019
14.6,PC_Y0_14,PC,DE139,2019
14.6,PC_Y0_14,PC,DE13A,2019
14.3,PC_Y0_14,PC,DE141,2019
14.0,PC_Y0_14,PC,DE142,2019
13.4,PC_Y0_14,PC,DE143,2019
13.7,PC_Y0_14,PC,DE144,2019
14.9,PC_Y0_14,PC,DE145,2019
15.4,PC_Y0_14,PC,DE146,2019
13.7,PC_Y0_14,PC,DE147,2019
14.5,PC_Y0_14,PC,DE148,2019
14.1,PC_Y0_14,PC,DE149,2019
14.1,PC_Y0_14,PC,DE211,2019
13.6,PC_Y0_14,PC,DE212,2019
13.6,PC_Y0_14,PC,DE213,2019
13.9,PC_Y0_14,PC,DE214,2019
12.8,PC_Y0_14,PC,DE215,2019
14.3,PC_Y0_14,PC,DE216,2019
14.7,PC_Y0_14,PC,DE217,2019
15.6,PC_Y0_14,PC,DE218,2019
15.4,PC_Y0_14,PC,DE219,2019
14.8,PC_Y0_14,PC,DE21A,2019
14.6,PC_Y0_14,PC,DE21B,2019
14.7,PC_Y0_14,PC,DE21C,2019
12.6,PC_Y0_14,PC,DE21D,2019
14.4,PC_Y0_14,PC,DE21E,2019
13.7,PC_Y0_14,PC,DE21F,2019
14.1,PC_Y0_14,PC,DE21G,2019
15.3,PC_Y0_14,PC,DE21H,2019
14.6,PC_Y0_14,PC,DE21I,2019
14.6,PC_Y0_14,PC,DE21J,2019
14.0,PC_Y0_14,PC,DE21K,2019
14.8,PC_Y0_14,PC,DE21L,2019
13.3,PC_Y0_14,PC,DE21M,2019
14.2,PC_Y0_14,PC,DE21N,2019
13.0,PC_Y0_14,PC,DE221,2019
10.7,PC_Y0_14,PC,DE222,2019
12.0,PC_Y0_14,PC,DE223,2019
13.0,PC_Y0_14,PC,DE224,2019
12.2,PC_Y0_14,PC,DE225,2019
14.5,PC_Y0_14,PC,DE226,2019
14.7,PC_Y0_14,PC,DE227,2019
12.8,PC_Y0_14,PC,DE228,2019
12.6,PC_Y0_14,PC,DE229,2019
13.3,PC_Y0_14,PC,DE22A,2019
13.9,PC_Y0_14,PC,DE22B,2019
13.5,PC_Y0_14,PC,DE22C,2019
12.3,PC_Y0_14,PC,DE231,2019
12.2,PC_Y0_14,PC,DE232,2019
12.1,PC_Y0_14,PC,DE233,2019
12.9,PC_Y0_14,PC,DE234,2019
13.0,PC_Y0_14,PC,DE235,2019
13.9,PC_Y0_14,PC,DE236,2019
13.0,PC_Y0_14,PC,DE237,2019
14.2,PC_Y0_14,PC,DE238,2019
13.1,PC_Y0_14,PC,DE239,2019
12.4,PC_Y0_14,PC,DE23A,2019
12.3,PC_Y0_14,PC,DE241,2019
10.7,PC_Y0_14,PC,DE242,2019
11.7,PC_Y0_14,PC,DE243,2019
13.0,PC_Y0_14,PC,DE244,2019
14.0,PC_Y0_14,PC,DE245,2019
12.9,PC_Y0_14,PC,DE246,2019
12.7,PC_Y0_14,PC,DE247,2019
13.8,PC_Y0_14,PC,DE248,2019
11.7,PC_Y0_14,PC,DE249,2019
11.3,PC_Y0_14,PC,DE24A,2019
11.7,PC_Y0_14,PC,DE24B,2019
12.5,PC_Y0_14,PC,DE24C,2019
11.7,PC_Y0_14,PC,DE24D,2019
13.7,PC_Y0_14,PC,DE251,2019
13.3,PC_Y0_14,PC,DE252,2019
13.5,PC_Y0_14,PC,DE253,2019
13.4,PC_Y0_14,PC,DE254,2019
14.1,PC_Y0_14,PC,DE255,2019
14.0,PC_Y0_14,PC,DE256,2019
14.7,PC_Y0_14,PC,DE257,2019
13.7,PC_Y0_14,PC,DE258,2019
13.5,PC_Y0_14,PC,DE259,2019
13.6,PC_Y0_14,PC,DE25A,2019
13.7,PC_Y0_14,PC,DE25B,2019
13.6,PC_Y0_14,PC,DE25C,2019
13.2,PC_Y0_14,PC,DE261,2019
13.6,PC_Y0_14,PC,DE262,2019
10.6,PC_Y0_14,PC,DE263,2019
13.3,PC_Y0_14,PC,DE264,2019
12.5,PC_Y0_14,PC,DE265,2019
13.3,PC_Y0_14,PC,DE266,2019
13.4,PC_Y0_14,PC,DE267,2019
13.3,PC_Y0_14,PC,DE268,2019
13.4,PC_Y0_14,PC,DE269,2019
12.6,PC_Y0_14,PC,DE26A,2019
13.4,PC_Y0_14,PC,DE26B,2019
13.7,PC_Y0_14,PC,DE26C,2019
12.8,PC_Y0_14,PC,DE271,2019
13.5,PC_Y0_14,PC,DE272,2019
12.9,PC_Y0_14,PC,DE273,2019
13.7,PC_Y0_14,PC,DE274,2019
14.8,PC_Y0_14,PC,DE275,2019
14.5,PC_Y0_14,PC,DE276,2019
13.9,PC_Y0_14,PC,DE277,2019
14.0,PC_Y0_14,PC,DE278,2019
14.0,PC_Y0_14,PC,DE279,2019
13.3,PC_Y0_14,PC,DE27A,2019
14.4,PC_Y0_14,PC,DE27B,2019
14.1,PC_Y0_14,PC,DE27C,2019
14.1,PC_Y0_14,PC,DE27D,2019
13.4,PC_Y0_14,PC,DE27E,2019
14.1,PC_Y0_14,PC,DE300,2019
12.0,PC_Y0_14,PC,DE401,2019
12.3,PC_Y0_14,PC,DE402,2019
12.1,PC_Y0_14,PC,DE403,2019
15.2,PC_Y0_14,PC,DE404,2019
13.6,PC_Y0_14,PC,DE405,2019
13.4,PC_Y0_14,PC,DE406,2019
11.7,PC_Y0_14,PC,DE407,2019
13.8,PC_Y0_14,PC,DE408,2019
13.3,PC_Y0_14,PC,DE409,2019
13.7,PC_Y0_14,PC,DE40A,2019
11.7,PC_Y0_14,PC,DE40B,2019
12.7,PC_Y0_14,PC,DE40C,2019
12.3,PC_Y0_14,PC,DE40D,2019
14.3,PC_Y0_14,PC,DE40E,2019
11.4,PC_Y0_14,PC,DE40F,2019
11.8,PC_Y0_14,PC,DE40G,2019
13.7,PC_Y0_14,PC,DE40H,2019
12.0,PC_Y0_14,PC,DE40I,2019
13.3,PC_Y0_14,PC,DE501,2019
14.5,PC_Y0_14,PC,DE502,2019
14.2,PC_Y0_14,PC,DE600,2019
13.6,PC_Y0_14,PC,DE711,2019
14.5,PC_Y0_14,PC,DE712,2019
15.7,PC_Y0_14,PC,DE713,2019
15.0,PC_Y0_14,PC,DE714,2019
13.3,PC_Y0_14,PC,DE715,2019
14.1,PC_Y0_14,PC,DE716,2019
14.9,PC_Y0_14,PC,DE717,2019
14.9,PC_Y0_14,PC,DE718,2019
13.8,PC_Y0_14,PC,DE719,2019
15.1,PC_Y0_14,PC,DE71A,2019
12.9,PC_Y0_14,PC,DE71B,2019
14.5,PC_Y0_14,PC,DE71C,2019
13.4,PC_Y0_14,PC,DE71D,2019
13.8,PC_Y0_14,PC,DE71E,2019
13.0,PC_Y0_14,PC,DE721,2019
13.6,PC_Y0_14,PC,DE722,2019
13.5,PC_Y0_14,PC,DE723,2019
13.1,PC_Y0_14,PC,DE724,2019
12.2,PC_Y0_14,PC,DE725,2019
13.3,PC_Y0_14,PC,DE731,2019
13.9,PC_Y0_14,PC,DE732,2019
13.2,PC_Y0_14,PC,DE733,2019
12.8,PC_Y0_14,PC,DE734,2019
12.8,PC_Y0_14,PC,DE735,2019
13.2,PC_Y0_14,PC,DE736,2019
12.1,PC_Y0_14,PC,DE737,2019
12.0,PC_Y0_14,PC,DE803,2019
13.3,PC_Y0_14,PC,DE804,2019
12.5,PC_Y0_14,PC,DE80J,2019
13.7,PC_Y0_14,PC,DE80K,2019
12.3,PC_Y0_14,PC,DE80L,2019
13.2,PC_Y0_14,PC,DE80M,2019
12.4,PC_Y0_14,PC,DE80N,2019
12.9,PC_Y0_14,PC,DE80O,2019
12.2,PC_Y0_14,PC,DE911,2019
14.9,PC_Y0_14,PC,DE912,2019
13.9,PC_Y0_14,PC,DE913,2019
14.8,PC_Y0_14,PC,DE914,2019
10.9,PC_Y0_14,PC,DE916,2019
13.0,PC_Y0_14,PC,DE917,2019
12.3,PC_Y0_14,PC,DE918,2019
14.4,PC_Y0_14,PC,DE91A,2019
12.6,PC_Y0_14,PC,DE91B,2019
12.5,PC_Y0_14,PC,DE91C,2019
13.7,PC_Y0_14,PC,DE922,2019
12.9,PC_Y0_14,PC,DE923,2019
12.7,PC_Y0_14,PC,DE925,2019
12.2,PC_Y0_14,PC,DE926,2019
13.7,PC_Y0_14,PC,DE927,2019
12.7,PC_Y0_14,PC,DE928,2019
13.7,PC_Y0_14,PC,DE929,2019
14.1,PC_Y0_14,PC,DE931,2019
13.2,PC_Y0_14,PC,DE932,2019
14.2,PC_Y0_14,PC,DE933,2019
12.2,PC_Y0_14,PC,DE934,2019
14.2,PC_Y0_14,PC,DE935,2019
13.6,PC_Y0_14,PC,DE936,2019
13.7,PC_Y0_14,PC,DE937,2019
13.6,PC_Y0_14,PC,DE938,2019
14.4,PC_Y0_14,PC,DE939,2019
12.3,PC_Y0_14,PC,DE93A,2019
14.5,PC_Y0_14,PC,DE93B,2019
14.4,PC_Y0_14,PC,DE941,2019
13.7,PC_Y0_14,PC,DE942,2019
12.8,PC_Y0_14,PC,DE943,2019
12.6,PC_Y0_14,PC,DE944,2019
11.9,PC_Y0_14,PC,DE945,2019
13.9,PC_Y0_14,PC,DE946,2019
13.4,PC_Y0_14,PC,DE947,2019
16.5,PC_Y0_14,PC,DE948,2019
14.7,PC_Y0_14,PC,DE949,2019
12.8,PC_Y0_14,PC,DE94A,2019
14.7,PC_Y0_14,PC,DE94B,2019
14.0,PC_Y0_14,PC,DE94C,2019
14.0,PC_Y0_14,PC,DE94D,2019
14.5,PC_Y0_14,PC,DE94E,2019
16.1,PC_Y0_14,PC,DE94F,2019
12.9,PC_Y0_14,PC,DE94G,2019
13.1,PC_Y0_14,PC,DE94H,2019
13.7,PC_Y0_14,PC,DEA11,2019
14.2,PC_Y0_14,PC,DEA12,2019
13.5,PC_Y0_14,PC,DEA13,2019
13.6,PC_Y0_14,PC,DEA14,2019
13.7,PC_Y0_14,PC,DEA15,2019
13.4,PC_Y0_14,PC,DEA16,2019
13.3,PC_Y0_14,PC,DEA17,2019
13.9,PC_Y0_14,PC,DEA18,2019
13.9,PC_Y0_14,PC,DEA19,2019
14.3,PC_Y0_14,PC,DEA1A,2019
13.6,PC_Y0_14,PC,DEA1B,2019
13.7,PC_Y0_14,PC,DEA1C,2019
14.3,PC_Y0_14,PC,DEA1D,2019
13.2,PC_Y0_14,PC,DEA1E,2019
12.9,PC_Y0_14,PC,DEA1F,2019
14.6,PC_Y0_14,PC,DEA22,2019
13.7,PC_Y0_14,PC,DEA23,2019
14.2,PC_Y0_14,PC,DEA24,2019
13.7,PC_Y0_14,PC,DEA26,2019
14.2,PC_Y0_14,PC,DEA27,2019
13.7,PC_Y0_14,PC,DEA28,2019
13.7,PC_Y0_14,PC,DEA29,2019
14.3,PC_Y0_14,PC,DEA2A,2019
13.7,PC_Y0_14,PC,DEA2B,2019
14.5,PC_Y0_14,PC,DEA2C,2019
12.7,PC_Y0_14,PC,DEA2D,2019
12.8,PC_Y0_14,PC,DEA31,2019
14.6,PC_Y0_14,PC,DEA32,2019
12.6,PC_Y0_14,PC,DEA33,2019
15.0,PC_Y0_14,PC,DEA34,2019
14.1,PC_Y0_14,PC,DEA35,2019
13.2,PC_Y0_14,PC,DEA36,2019
14.7,PC_Y0_14,PC,DEA37,2019
14.4,PC_Y0_14,PC,DEA38,2019
14.2,PC_Y0_14,PC,DEA41,2019
14.7,PC_Y0_14,PC,DEA42,2019
13.9,PC_Y0_14,PC,DEA43,2019
13.5,PC_Y0_14,PC,DEA44,2019
14.7,PC_Y0_14,PC,DEA45,2019
14.3,PC_Y0_14,PC,DEA46,2019
14.6,PC_Y0_14,PC,DEA47,2019
12.2,PC_Y0_14,PC,DEA51,2019
13.5,PC_Y0_14,PC,DEA52,2019
14.2,PC_Y0_14,PC,DEA53,2019
14.3,PC_Y0_14,PC,DEA54,2019
13.2,PC_Y0_14,PC,DEA55,2019
12.7,PC_Y0_14,PC,DEA56,2019
13.3,PC_Y0_14,PC,DEA57,2019
13.7,PC_Y0_14,PC,DEA58,2019
14.0,PC_Y0_14,PC,DEA59,2019
13.4,PC_Y0_14,PC,DEA5A,2019
13.9,PC_Y0_14,PC,DEA5B,2019
13.2,PC_Y0_14,PC,DEA5C,2019
12.3,PC_Y0_14,PC,DEB11,2019
12.6,PC_Y0_14,PC,DEB12,2019
13.5,PC_Y0_14,PC,DEB13,2019
13.4,PC_Y0_14,PC,DEB14,2019
12.5,PC_Y0_14,PC,DEB15,2019
13.5,PC_Y0_14,PC,DEB17,2019
13.8,PC_Y0_14,PC,DEB18,2019
13.0,PC_Y0_14,PC,DEB1A,2019
13.7,PC_Y0_14,PC,DEB1B,2019
12.2,PC_Y0_14,PC,DEB1C,2019
13.0,PC_Y0_14,PC,DEB1D,2019
11.9,PC_Y0_14,PC,DEB21,2019
13.2,PC_Y0_14,PC,DEB22,2019
13.9,PC_Y0_14,PC,DEB23,2019
12.4,PC_Y0_14,PC,DEB24,2019
14.1,PC_Y0_14,PC,DEB25,2019
14.2,PC_Y0_14,PC,DEB31,2019
12.3,PC_Y0_14,PC,DEB32,2019
12.5,PC_Y0_14,PC,DEB33,2019
15.4,PC_Y0_14,PC,DEB34,2019
12.5,PC_Y0_14,PC,DEB35,2019
13.1,PC_Y0_14,PC,DEB36,2019
12.6,PC_Y0_14,PC,DEB37,2019
13.1,PC_Y0_14,PC,DEB38,2019
14.4,PC_Y0_14,PC,DEB39,2019
12.8,PC_Y0_14,PC,DEB3A,2019
14.0,PC_Y0_14,PC,DEB3B,2019
12.6,PC_Y0_14,PC,DEB3C,2019
13.6,PC_Y0_14,PC,DEB3D,2019
14.0,PC_Y0_14,PC,DEB3E,2019
14.3,PC_Y0_14,PC,DEB3F,2019
12.5,PC_Y0_14,PC,DEB3G,2019
13.0,PC_Y0_14,PC,DEB3H,2019
13.8,PC_Y0_14,PC,DEB3I,2019
14.3,PC_Y0_14,PC,DEB3J,2019
11.5,PC_Y0_14,PC,DEB3K,2019
12.3,PC_Y0_14,PC,DEC01,2019
12.3,PC_Y0_14,PC,DEC02,2019
11.9,PC_Y0_14,PC,DEC03,2019
12.3,PC_Y0_14,PC,DEC04,2019
11.9,PC_Y0_14,PC,DEC05,2019
11.4,PC_Y0_14,PC,DEC06,2019
14.6,PC_Y0_14,PC,DED21,2019
13.4,PC_Y0_14,PC,DED2C,2019
12.5,PC_Y0_14,PC,DED2D,2019
13.4,PC_Y0_14,PC,DED2E,2019
13.9,PC_Y0_14,PC,DED2F,2019
12.8,PC_Y0_14,PC,DED41,2019
12.8,PC_Y0_14,PC,DED42,2019
12.7,PC_Y0_14,PC,DED43,2019
11.9,PC_Y0_14,PC,DED44,2019
12.2,PC_Y0_14,PC,DED45,2019
13.9,PC_Y0_14,PC,DED51,2019
13.3,PC_Y0_14,PC,DED52,2019
13.0,PC_Y0_14,PC,DED53,2019
11.2,PC_Y0_14,PC,DEE01,2019
13.5,PC_Y0_14,PC,DEE02,2019
12.9,PC_Y0_14,PC,DEE03,2019
12.9,PC_Y0_14,PC,DEE04,2019
11.5,PC_Y0_14,PC,DEE05,2019
12.4,PC_Y0_14,PC,DEE06,2019
13.1,PC_Y0_14,PC,DEE07,2019
11.8,PC_Y0_14,PC,DEE08,2019
11.5,PC_Y0_14,PC,DEE09,2019
11.2,PC_Y0_14,PC,DEE0A,2019
12.8,PC_Y0_14,PC,DEE0B,2019
11.7,PC_Y0_14,PC,DEE0C,2019
12.2,PC_Y0_14,PC,DEE0D,2019
11.5,PC_Y0_14,PC,DEE0E,2019
13.1,PC_Y0_14,PC,DEF01,2019
12.4,PC_Y0_14,PC,DEF02,2019
12.5,PC_Y0_14,PC,DEF03,2019
13.5,PC_Y0_14,PC,DEF04,2019
12.7,PC_Y0_14,PC,DEF05,2019
14.3,PC_Y0_14,PC,DEF06,2019
12.6,PC_Y0_14,PC,DEF07,2019
11.7,PC_Y0_14,PC,DEF08,2019
14.1,PC_Y0_14,PC,DEF09,2019
12.9,PC_Y0_14,PC,DEF0A,2019
13.6,PC_Y0_14,PC,DEF0B,2019
13.8,PC_Y0_14,PC,DEF0C,2019
14.0,PC_Y0_14,PC,DEF0D,2019
13.2,PC_Y0_14,PC,DEF0E,2019
14.3,PC_Y0_14,PC,DEF0F,2019
13.5,PC_Y0_14,PC,DEG01,2019
12.2,PC_Y0_14,PC,DEG02,2019
13.4,PC_Y0_14,PC,DEG03,2019
10.3,PC_Y0_14,PC,DEG04,2019
13.9,PC_Y0_14,PC,DEG05,2019
14.4,PC_Y0_14,PC,DEG06,2019
12.6,PC_Y0_14,PC,DEG07,2019
13.5,PC_Y0_14,PC,DEG09,2019
12.0,PC_Y0_14,PC,DEG0A,2019
12.1,PC_Y0_14,PC,DEG0B,2019
12.8,PC_Y0_14,PC,DEG0C,2019
13.2,PC_Y0_14,PC,DEG0D,2019
12.3,PC_Y0_14,PC,DEG0E,2019
12.6,PC_Y0_14,PC,DEG0F,2019
14.0,PC_Y0_14,PC,DEG0G,2019
11.2,PC_Y0_14,PC,DEG0H,2019
11.6,PC_Y0_14,PC,DEG0I,2019
12.8,PC_Y0_14,PC,DEG0J,2019
12.4,PC_Y0_14,PC,DEG0K,2019
11.7,PC_Y0_14,PC,DEG0L,2019
11.5,PC_Y0_14,PC,DEG0M,2019
12.8,PC_Y0_14,PC,DEG0N,2019
12.7,PC_Y0_14,PC,DEG0P,2019
15.5,PC_Y0_14,PC,DK011,2019
18.2,PC_Y0_14,PC,DK012,2019
17.3,PC_Y0_14,PC,DK013,2019
13.5,PC_Y0_14,PC,DK014,2019
17.6,PC_Y0_14,PC,DK021,2019
15.3,PC_Y0_14,PC,DK022,2019
15.7,PC_Y0_14,PC,DK031,2019
16.7,PC_Y0_14,PC,DK032,2019
17.2,PC_Y0_14,PC,DK041,2019
16.9,PC_Y0_14,PC,DK042,2019
15.8,PC_Y0_14,PC,DK050,2019
17.5,PC_Y0_14,PC,EE001,2019
15.2,PC_Y0_14,PC,EE004,2019
15.9,PC_Y0_14,PC,EE006,2019
13.6,PC_Y0_14,PC,EE007,2019
16.3,PC_Y0_14,PC,EE008,2019
14.3,PC_Y0_14,PC,EL301,2019
15.2,PC_Y0_14,PC,EL302,2019
13.2,PC_Y0_14,PC,EL303,2019
14.0,PC_Y0_14,PC,EL304,2019
15.4,PC_Y0_14,PC,EL305,2019
17.1,PC_Y0_14,PC,EL306,2019
13.9,PC_Y0_14,PC,EL307,2019
17.0,PC_Y0_14,PC,EL411,2019
16.6,PC_Y0_14,PC,EL412,2019
15.9,PC_Y0_14,PC,EL413,2019
16.5,PC_Y0_14,PC,EL421,2019
16.4,PC_Y0_14,PC,EL422,2019
16.7,PC_Y0_14,PC,EL431,2019
14.1,PC_Y0_14,PC,EL432,2019
16.5,PC_Y0_14,PC,EL433,2019
16.1,PC_Y0_14,PC,EL434,2019
13.1,PC_Y0_14,PC,EL511,2019
16.5,PC_Y0_14,PC,EL512,2019
12.7,PC_Y0_14,PC,EL513,2019
13.3,PC_Y0_14,PC,EL514,2019
13.7,PC_Y0_14,PC,EL515,2019
14.8,PC_Y0_14,PC,EL521,2019
14.5,PC_Y0_14,PC,EL522,2019
14.0,PC_Y0_14,PC,EL523,2019
13.4,PC_Y0_14,PC,EL524,2019
14.5,PC_Y0_14,PC,EL525,2019
11.9,PC_Y0_14,PC,EL526,2019
14.2,PC_Y0_14,PC,EL527,2019
13.2,PC_Y0_14,PC,EL531,2019
12.6,PC_Y0_14,PC,EL532,2019
14.0,PC_Y0_14,PC,EL533,2019
13.4,PC_Y0_14,PC,EL541,2019
12.4,PC_Y0_14,PC,EL542,2019
12.6,PC_Y0_14,PC,EL543,2019
12.6,PC_Y0_14,PC,EL611,2019
15.0,PC_Y0_14,PC,EL612,2019
13.6,PC_Y0_14,PC,EL613,2019
15.6,PC_Y0_14,PC,EL621,2019
14.3,PC_Y0_14,PC,EL622,2019
14.2,PC_Y0_14,PC,EL623,2019
14.7,PC_Y0_14,PC,EL624,2019
14.1,PC_Y0_14,PC,EL631,2019
14.8,PC_Y0_14,PC,EL632,2019
12.7,PC_Y0_14,PC,EL633,2019
14.4,PC_Y0_14,PC,EL641,2019
14.2,PC_Y0_14,PC,EL642,2019
10.7,PC_Y0_14,PC,EL643,2019
14.2,PC_Y0_14,PC,EL644,2019
10.4,PC_Y0_14,PC,EL645,2019
13.7,PC_Y0_14,PC,EL651,2019
14.5,PC_Y0_14,PC,EL652,2019
13.0,PC_Y0_14,PC,EL653,2019
12.1,PC_Y0_14,PC,ES111,2019
10.1,PC_Y0_14,PC,ES112,2019
9.8,PC_Y0_14,PC,ES113,2019
12.8,PC_Y0_14,PC,ES114,2019
11.0,PC_Y0_14,PC,ES120,2019
13.3,PC_Y0_14,PC,ES130,2019
15.1,PC_Y0_14,PC,ES211,2019
14.5,PC_Y0_14,PC,ES212,2019
13.5,PC_Y0_14,PC,ES213,2019
15.5,PC_Y0_14,PC,ES220,2019
14.5,PC_Y0_14,PC,ES230,2019
13.6,PC_Y0_14,PC,ES241,2019
12.9,PC_Y0_14,PC,ES242,2019
14.4,PC_Y0_14,PC,ES243,2019
15.5,PC_Y0_14,PC,ES300,2019
12.2,PC_Y0_14,PC,ES411,2019
12.9,PC_Y0_14,PC,ES412,2019
10.6,PC_Y0_14,PC,ES413,2019
11.2,PC_Y0_14,PC,ES414,2019
11.6,PC_Y0_14,PC,ES415,2019
13.2,PC_Y0_14,PC,ES416,2019
12.2,PC_Y0_14,PC,ES417,2019
13.2,PC_Y0_14,PC,ES418,2019
9.5,PC_Y0_14,PC,ES419,2019
14.4,PC_Y0_14,PC,ES421,2019
14.3,PC_Y0_14,PC,ES422,2019
12.6,PC_Y0_14,PC,ES423,2019
16.4,PC_Y0_14,PC,ES424,2019
16.3,PC_Y0_14,PC,ES425,2019
14.3,PC_Y0_14,PC,ES431,2019
12.5,PC_Y0_14,PC,ES432,2019
15.4,PC_Y0_14,PC,ES511,2019
16.3,PC_Y0_14,PC,ES512,2019
15.1,PC_Y0_14,PC,ES513,2019
16.0,PC_Y0_14,PC,ES514,2019
14.6,PC_Y0_14,PC,ES521,2019
15.1,PC_Y0_14,PC,ES522,2019
15.0,PC_Y0_14,PC,ES523,2019
14.1,PC_Y0_14,PC,ES531,2019
15.1,PC_Y0_14,PC,ES532,2019
14.3,PC_Y0_14,PC,ES533,2019
17.3,PC_Y0_14,PC,ES611,2019
16.1,PC_Y0_14,PC,ES612,2019
14.7,PC_Y0_14,PC,ES613,2019
15.3,PC_Y0_14,PC,ES614,2019
15.7,PC_Y0_14,PC,ES615,2019
14.2,PC_Y0_14,PC,ES616,2019
15.7,PC_Y0_14,PC,ES617,2019
16.7,PC_Y0_14,PC,ES618,2019
17.2,PC_Y0_14,PC,ES620,2019
20.4,PC_Y0_14,PC,ES630,2019
23.7,PC_Y0_14,PC,ES640,2019
10.9,PC_Y0_14,PC,ES703,2019
15.1,PC_Y0_14,PC,ES704,2019
12.9,PC_Y0_14,PC,ES705,2019
10.2,PC_Y0_14,PC,ES706,2019
11.6,PC_Y0_14,PC,ES707,2019
15.4,PC_Y0_14,PC,ES708,2019
13.1,PC_Y0_14,PC,ES709,2019
16.0,PC_Y0_14,PC,FI193,2019
16.7,PC_Y0_14,PC,FI194,2019
17.3,PC_Y0_14,PC,FI195,2019
14.8,PC_Y0_14,PC,FI196,2019
16.0,PC_Y0_14,PC,FI197,2019
16.6,PC_Y0_14,PC,FI1B1,2019
15.0,PC_Y0_14,PC,FI1C1,2019
15.5,PC_Y0_14,PC,FI1C2,2019
14.7,PC_Y0_14,PC,FI1C3,2019
13.6,PC_Y0_14,PC,FI1C4,2019
13.6,PC_Y0_14,PC,FI1C5,2019
12.8,PC_Y0_14,PC,FI1D1,2019
14.8,PC_Y0_14,PC,FI1D2,2019
14.1,PC_Y0_14,PC,FI1D3,2019
18.9,PC_Y0_14,PC,FI1D5,2019
15.1,PC_Y0_14,PC,FI1D7,2019
14.1,PC_Y0_14,PC,FI1D8,2019
19.6,PC_Y0_14,PC,FI1D9,2019
,PC_Y0_14,PC,FI200,2019
13.8,PC_Y0_14,PC,FR101,2019
21.0,PC_Y0_14,PC,FR102,2019
20.3,PC_Y0_14,PC,FR103,2019
20.8,PC_Y0_14,PC,FR104,2019
18.8,PC_Y0_14,PC,FR105,2019
22.6,PC_Y0_14,PC,FR106,2019
19.5,PC_Y0_14,PC,FR107,2019
22.0,PC_Y0_14,PC,FR108,2019
15.7,PC_Y0_14,PC,FRB01,2019
19.1,PC_Y0_14,PC,FRB02,2019
14.6,PC_Y0_14,PC,FRB03,2019
17.1,PC_Y0_14,PC,FRB04,2019
16.8,PC_Y0_14,PC,FRB05,2019
19.0,PC_Y0_14,PC,FRB06,2019
16.3,PC_Y0_14,PC,FRC11,2019
14.2,PC_Y0_14,PC,FRC12,2019
16.2,PC_Y0_14,PC,FRC13,2019
17.0,PC_Y0_14,PC,FRC14,2019
18.3,PC_Y0_14,PC,FRC21,2019
16.9,PC_Y0_14,PC,FRC22,2019
17.0,PC_Y0_14,PC,FRC23,2019
17.6,PC_Y0_14,PC,FRC24,2019
16.8,PC_Y0_14,PC,FRD11,2019
16.2,PC_Y0_14,PC,FRD12,2019
16.2,PC_Y0_14,PC,FRD13,2019
19.4,PC_Y0_14,PC,FRD21,2019
18.1,PC_Y0_14,PC,FRD22,2019
19.4,PC_Y0_14,PC,FRE11,2019
19.1,PC_Y0_14,PC,FRE12,2019
18.8,PC_Y0_14,PC,FRE21,2019
19.9,PC_Y0_14,PC,FRE22,2019
17.6,PC_Y0_14,PC,FRE23,2019
16.8,PC_Y0_14,PC,FRF11,2019
17.6,PC_Y0_14,PC,FRF12,2019
17.2,PC_Y0_14,PC,FRF21,2019
18.1,PC_Y0_14,PC,FRF22,2019
17.7,PC_Y0_14,PC,FRF23,2019
15.7,PC_Y0_14,PC,FRF24,2019
16.9,PC_Y0_14,PC,FRF31,2019
16.8,PC_Y0_14,PC,FRF32,2019
16.7,PC_Y0_14,PC,FRF33,2019
15.9,PC_Y0_14,PC,FRF34,2019
18.9,PC_Y0_14,PC,FRG01,2019
18.3,PC_Y0_14,PC,FRG02,2019
18.5,PC_Y0_14,PC,FRG03,2019
18.1,PC_Y0_14,PC,FRG04,2019
17.3,PC_Y0_14,PC,FRG05,2019
16.5,PC_Y0_14,PC,FRH01,2019
16.3,PC_Y0_14,PC,FRH02,2019
18.6,PC_Y0_14,PC,FRH03,2019
16.5,PC_Y0_14,PC,FRH04,2019
14.0,PC_Y0_14,PC,FRI11,2019
17.0,PC_Y0_14,PC,FRI12,2019
15.7,PC_Y0_14,PC,FRI13,2019
16.0,PC_Y0_14,PC,FRI14,2019
15.7,PC_Y0_14,PC,FRI15,2019
14.7,PC_Y0_14,PC,FRI21,2019
13.3,PC_Y0_14,PC,FRI22,2019
15.4,PC_Y0_14,PC,FRI23,2019
15.4,PC_Y0_14,PC,FRI31,2019
14.8,PC_Y0_14,PC,FRI32,2019
17.4,PC_Y0_14,PC,FRI33,2019
16.5,PC_Y0_14,PC,FRI34,2019
16.0,PC_Y0_14,PC,FRJ11,2019
17.1,PC_Y0_14,PC,FRJ12,2019
16.7,PC_Y0_14,PC,FRJ13,2019
15.1,PC_Y0_14,PC,FRJ14,2019
16.1,PC_Y0_14,PC,FRJ15,2019
15.3,PC_Y0_14,PC,FRJ21,2019
15.1,PC_Y0_14,PC,FRJ22,2019
17.5,PC_Y0_14,PC,FRJ23,2019
14.9,PC_Y0_14,PC,FRJ24,2019
13.7,PC_Y0_14,PC,FRJ25,2019
14.3,PC_Y0_14,PC,FRJ26,2019
16.3,PC_Y0_14,PC,FRJ27,2019
18.5,PC_Y0_14,PC,FRJ28,2019
14.9,PC_Y0_14,PC,FRK11,2019
13.8,PC_Y0_14,PC,FRK12,2019
16.4,PC_Y0_14,PC,FRK13,2019
16.2,PC_Y0_14,PC,FRK14,2019
19.7,PC_Y0_14,PC,FRK21,2019
16.3,PC_Y0_14,PC,FRK22,2019
18.3,PC_Y0_14,PC,FRK23,2019
18.9,PC_Y0_14,PC,FRK24,2019
18.1,PC_Y0_14,PC,FRK25,2019
18.9,PC_Y0_14,PC,FRK26,2019
17.1,PC_Y0_14,PC,FRK27,2019
19.2,PC_Y0_14,PC,FRK28,2019
15.7,PC_Y0_14,PC,FRL01,2019
16.3,PC_Y0_14,PC,FRL02,2019
15.8,PC_Y0_14,PC,FRL03,2019
17.7,PC_Y0_14,PC,FRL04,2019
15.7,PC_Y0_14,PC,FRL05,2019
17.9,PC_Y0_14,PC,FRL06,2019
15.0,PC_Y0_14,PC,FRM01,2019
15.1,PC_Y0_14,PC,FRM02,2019
18.0,PC_Y0_14,PC,FRY10,2019
15.9,PC_Y0_14,PC,FRY20,2019
32.2,PC_Y0_14,PC,FRY30,2019
22.5,PC_Y0_14,PC,FRY40,2019
43.8,PC_Y0_14,PC,FRY50,2019
12.4,PC_Y0_14,PC,HR031,2019
12.8,PC_Y0_14,PC,HR032,2019
14.9,PC_Y0_14,PC,HR033,2019
13.1,PC_Y0_14,PC,HR034,2019
15.0,PC_Y0_14,PC,HR035,2019
13.2,PC_Y0_14,PC,HR036,2019
15.3,PC_Y0_14,PC,HR037,2019
15.1,PC_Y0_14,PC,HR041,2019
14.8,PC_Y0_14,PC,HR042,2019
13.7,PC_Y0_14,PC,HR043,2019
14.2,PC_Y0_14,PC,HR044,2019
14.8,PC_Y0_14,PC,HR045,2019
16.2,PC_Y0_14,PC,HR046,2019
14.5,PC_Y0_14,PC,HR047,2019
14.7,PC_Y0_14,PC,HR048,2019
14.8,PC_Y0_14,PC,HR049,2019
14.9,PC_Y0_14,PC,HR04A,2019
14.1,PC_Y0_14,PC,HR04B,2019
14.9,PC_Y0_14,PC,HR04C,2019
13.1,PC_Y0_14,PC,HR04D,2019
13.7,PC_Y0_14,PC,HR04E,2019
13.4,PC_Y0_14,PC,HU110,2019
16.8,PC_Y0_14,PC,HU120,2019
14.5,PC_Y0_14,PC,HU211,2019
14.7,PC_Y0_14,PC,HU212,2019
13.9,PC_Y0_14,PC,HU213,2019
14.9,PC_Y0_14,PC,HU221,2019
13.3,PC_Y0_14,PC,HU222,2019
12.9,PC_Y0_14,PC,HU223,2019
13.8,PC_Y0_14,PC,HU231,2019
13.5,PC_Y0_14,PC,HU232,2019
13.8,PC_Y0_14,PC,HU233,2019
15.8,PC_Y0_14,PC,HU311,2019
14.3,PC_Y0_14,PC,HU312,2019
13.7,PC_Y0_14,PC,HU313,2019
15.0,PC_Y0_14,PC,HU321,2019
14.6,PC_Y0_14,PC,HU322,2019
15.9,PC_Y0_14,PC,HU323,2019
14.4,PC_Y0_14,PC,HU331,2019
12.9,PC_Y0_14,PC,HU332,2019
13.4,PC_Y0_14,PC,HU333,2019
21.3,PC_Y0_14,PC,IE041,2019
20.3,PC_Y0_14,PC,IE042,2019
20.3,PC_Y0_14,PC,IE051,2019
20.9,PC_Y0_14,PC,IE052,2019
20.2,PC_Y0_14,PC,IE053,2019
19.0,PC_Y0_14,PC,IE061,2019
22.7,PC_Y0_14,PC,IE062,2019
22.7,PC_Y0_14,PC,IE063,2019
18.9,PC_Y0_14,PC,IS001,2019
19.2,PC_Y0_14,PC,IS002,2019
12.6,PC_Y0_14,PC,ITC11,2019
11.4,PC_Y0_14,PC,ITC12,2019
10.8,PC_Y0_14,PC,ITC13,2019
11.2,PC_Y0_14,PC,ITC14,2019
12.9,PC_Y0_14,PC,ITC15,2019
13.4,PC_Y0_14,PC,ITC16,2019
12.2,PC_Y0_14,PC,ITC17,2019
11.2,PC_Y0_14,PC,ITC18,2019
13.1,PC_Y0_14,PC,ITC20,2019
11.1,PC_Y0_14,PC,ITC31,2019
11.0,PC_Y0_14,PC,ITC32,2019
11.1,PC_Y0_14,PC,ITC33,2019
11.3,PC_Y0_14,PC,ITC34,2019
13.5,PC_Y0_14,PC,ITC41,2019
13.5,PC_Y0_14,PC,ITC42,2019
13.5,PC_Y0_14,PC,ITC43,2019
12.9,PC_Y0_14,PC,ITC44,2019
14.5,PC_Y0_14,PC,ITC46,2019
14.2,PC_Y0_14,PC,ITC47,2019
12.3,PC_Y0_14,PC,ITC48,2019
14.0,PC_Y0_14,PC,ITC49,2019
12.8,PC_Y0_14,PC,ITC4A,2019
13.3,PC_Y0_14,PC,ITC4B,2019
13.5,PC_Y0_14,PC,ITC4C,2019
13.9,PC_Y0_14,PC,ITC4D,2019
12.0,PC_Y0_14,PC,ITF11,2019
12.5,PC_Y0_14,PC,ITF12,2019
13.0,PC_Y0_14,PC,ITF13,2019
12.2,PC_Y0_14,PC,ITF14,2019
11.1,PC_Y0_14,PC,ITF21,2019
11.4,PC_Y0_14,PC,ITF22,2019
15.0,PC_Y0_14,PC,ITF31,2019
12.2,PC_Y0_14,PC,ITF32,2019
15.2,PC_Y0_14,PC,ITF33,2019
12.3,PC_Y0_14,PC,ITF34,2019
13.4,PC_Y0_14,PC,ITF35,2019
13.1,PC_Y0_14,PC,ITF43,2019
12.5,PC_Y0_14,PC,ITF44,2019
12.3,PC_Y0_14,PC,ITF45,2019
13.7,PC_Y0_14,PC,ITF46,2019
13.2,PC_Y0_14,PC,ITF47,2019
14.0,PC_Y0_14,PC,ITF48,2019
11.6,PC_Y0_14,PC,ITF51,2019
12.4,PC_Y0_14,PC,ITF52,2019
12.6,PC_Y0_14,PC,ITF61,2019
14.5,PC_Y0_14,PC,ITF62,2019
12.9,PC_Y0_14,PC,ITF63,2019
13.3,PC_Y0_14,PC,ITF64,2019
13.8,PC_Y0_14,PC,ITF65,2019
12.9,PC_Y0_14,PC,ITG11,2019
14.4,PC_Y0_14,PC,ITG12,2019
12.4,PC_Y0_14,PC,ITG13,2019
13.3,PC_Y0_14,PC,ITG14,2019
13.7,PC_Y0_14,PC,ITG15,2019
12.5,PC_Y0_14,PC,ITG16,2019
14.6,PC_Y0_14,PC,ITG17,2019
14.3,PC_Y0_14,PC,ITG18,2019
13.5,PC_Y0_14,PC,ITG19,2019
11.2,PC_Y0_14,PC,ITG25,2019
11.6,PC_Y0_14,PC,ITG26,2019
11.4,PC_Y0_14,PC,ITG27,2019
10.1,PC_Y0_14,PC,ITG28,2019
12.7,PC_Y0_14,PC,ITG29,2019
12.1,PC_Y0_14,PC,ITG2A,2019
10.5,PC_Y0_14,PC,ITG2B,2019
9.7,PC_Y0_14,PC,ITG2C,2019
15.8,PC_Y0_14,PC,ITH10,2019
14.4,PC_Y0_14,PC,ITH20,2019
14.0,PC_Y0_14,PC,ITH31,2019
13.8,PC_Y0_14,PC,ITH32,2019
11.6,PC_Y0_14,PC,ITH33,2019
14.0,PC_Y0_14,PC,ITH34,2019
12.4,PC_Y0_14,PC,ITH35,2019
13.2,PC_Y0_14,PC,ITH36,2019
11.1,PC_Y0_14,PC,ITH37,2019
13.4,PC_Y0_14,PC,ITH41,2019
11.7,PC_Y0_14,PC,ITH42,2019
11.8,PC_Y0_14,PC,ITH43,2019
11.0,PC_Y0_14,PC,ITH44,2019
12.7,PC_Y0_14,PC,ITH51,2019
13.3,PC_Y0_14,PC,ITH52,2019
14.4,PC_Y0_14,PC,ITH53,2019
13.9,PC_Y0_14,PC,ITH54,2019
12.8,PC_Y0_14,PC,ITH55,2019
10.9,PC_Y0_14,PC,ITH56,2019
12.6,PC_Y0_14,PC,ITH57,2019
13.2,PC_Y0_14,PC,ITH58,2019
13.2,PC_Y0_14,PC,ITH59,2019
11.2,PC_Y0_14,PC,ITI11,2019
12.0,PC_Y0_14,PC,ITI12,2019
12.5,PC_Y0_14,PC,ITI13,2019
12.6,PC_Y0_14,PC,ITI14,2019
14.1,PC_Y0_14,PC,ITI15,2019
11.8,PC_Y0_14,PC,ITI16,2019
12.9,PC_Y0_14,PC,ITI17,2019
12.3,PC_Y0_14,PC,ITI18,2019
12.4,PC_Y0_14,PC,ITI19,2019
11.3,PC_Y0_14,PC,ITI1A,2019
12.9,PC_Y0_14,PC,ITI21,2019
11.5,PC_Y0_14,PC,ITI22,2019
13.0,PC_Y0_14,PC,ITI31,2019
12.8,PC_Y0_14,PC,ITI32,2019
12.7,PC_Y0_14,PC,ITI33,2019
11.9,PC_Y0_14,PC,ITI34,2019
12.3,PC_Y0_14,PC,ITI35,2019
12.1,PC_Y0_14,PC,ITI41,2019
11.3,PC_Y0_14,PC,ITI42,2019
13.6,PC_Y0_14,PC,ITI43,2019
13.6,PC_Y0_14,PC,ITI44,2019
12.5,PC_Y0_14,PC,ITI45,2019
14.7,PC_Y0_14,PC,LI000,2019
16.4,PC_Y0_14,PC,LT011,2019
12.8,PC_Y0_14,PC,LT021,2019
15.0,PC_Y0_14,PC,LT022,2019
16.1,PC_Y0_14,PC,LT023,2019
14.7,PC_Y0_14,PC,LT024,2019
13.4,PC_Y0_14,PC,LT025,2019
14.1,PC_Y0_14,PC,LT026,2019
14.7,PC_Y0_14,PC,LT027,2019
15.4,PC_Y0_14,PC,LT028,2019
12.1,PC_Y0_14,PC,LT029,2019
16.1,PC_Y0_14,PC,LU000,2019
15.9,PC_Y0_14,PC,LV003,2019
13.6,PC_Y0_14,PC,LV005,2019
15.5,PC_Y0_14,PC,LV006,2019
18.3,PC_Y0_14,PC,LV007,2019
15.2,PC_Y0_14,PC,LV008,2019
16.2,PC_Y0_14,PC,LV009,2019
18.0,PC_Y0_14,PC,ME000,2019
15.8,PC_Y0_14,PC,MK001,2019
13.8,PC_Y0_14,PC,MK002,2019
14.5,PC_Y0_14,PC,MK003,2019
16.1,PC_Y0_14,PC,MK004,2019
15.2,PC_Y0_14,PC,MK005,2019
16.2,PC_Y0_14,PC,MK006,2019
16.7,PC_Y0_14,PC,MK007,2019
18.4,PC_Y0_14,PC,MK008,2019
13.7,PC_Y0_14,PC,MT001,2019
12.9,PC_Y0_14,PC,MT002,2019
14.2,PC_Y0_14,PC,NL111,2019
14.5,PC_Y0_14,PC,NL112,2019
13.9,PC_Y0_14,PC,NL113,2019
16.0,PC_Y0_14,PC,NL124,2019
16.2,PC_Y0_14,PC,NL125,2019
15.9,PC_Y0_14,PC,NL126,2019
15.6,PC_Y0_14,PC,NL131,2019
14.6,PC_Y0_14,PC,NL132,2019
15.9,PC_Y0_14,PC,NL133,2019
18.1,PC_Y0_14,PC,NL211,2019
16.1,PC_Y0_14,PC,NL212,2019
16.1,PC_Y0_14,PC,NL213,2019
17.1,PC_Y0_14,PC,NL221,2019
16.9,PC_Y0_14,PC,NL224,2019
14.7,PC_Y0_14,PC,NL225,2019
14.9,PC_Y0_14,PC,NL226,2019
18.9,PC_Y0_14,PC,NL230,2019
17.3,PC_Y0_14,PC,NL310,2019
15.8,PC_Y0_14,PC,NL321,2019
15.3,PC_Y0_14,PC,NL323,2019
16.8,PC_Y0_14,PC,NL324,2019
16.4,PC_Y0_14,PC,NL325,2019
16.9,PC_Y0_14,PC,NL327,2019
15.8,PC_Y0_14,PC,NL328,2019
15.3,PC_Y0_14,PC,NL329,2019
17.2,PC_Y0_14,PC,NL332,2019
14.7,PC_Y0_14,PC,NL333,2019
15.7,PC_Y0_14,PC,NL337,2019
17.2,PC_Y0_14,PC,NL33A,2019
16.8,PC_Y0_14,PC,NL33B,2019
16.3,PC_Y0_14,PC,NL33C,2019
13.6,PC_Y0_14,PC,NL341,2019
15.9,PC_Y0_14,PC,NL342,2019
15.0,PC_Y0_14,PC,NL411,2019
15.4,PC_Y0_14,PC,NL412,2019
15.5,PC_Y0_14,PC,NL413,2019
15.1,PC_Y0_14,PC,NL414,2019
14.4,PC_Y0_14,PC,NL421,2019
13.4,PC_Y0_14,PC,NL422,2019
12.1,PC_Y0_14,PC,NL423,2019
16.7,PC_Y0_14,PC,NO011,2019
19.2,PC_Y0_14,PC,NO012,2019
15.4,PC_Y0_14,PC,NO021,2019
15.5,PC_Y0_14,PC,NO022,2019
16.8,PC_Y0_14,PC,NO031,2019
17.4,PC_Y0_14,PC,NO032,2019
16.9,PC_Y0_14,PC,NO033,2019
16.2,PC_Y0_14,PC,NO034,2019
18.1,PC_Y0_14,PC,NO041,2019
18.7,PC_Y0_14,PC,NO042,2019
19.8,PC_Y0_14,PC,NO043,2019
18.1,PC_Y0_14,PC,NO051,2019
17.7,PC_Y0_14,PC,NO052,2019
17.5,PC_Y0_14,PC,NO053,2019
17.3,PC_Y0_14,PC,NO060,2019
,PC_Y0_14,PC,NO061,2019
,PC_Y0_14,PC,NO062,2019
16.4,PC_Y0_14,PC,NO071,2019
16.6,PC_Y0_14,PC,NO072,2019
16.2,PC_Y0_14,PC,NO073,2019
14.7,PC_Y0_14,PC,PL213,2019
17.1,PC_Y0_14,PC,PL214,2019
15.5,PC_Y0_14,PC,PL217,2019
18.1,PC_Y0_14,PC,PL218,2019
16.9,PC_Y0_14,PC,PL219,2019
15.0,PC_Y0_14,PC,PL21A,2019
13.5,PC_Y0_14,PC,PL224,2019
15.8,PC_Y0_14,PC,PL225,2019
15.4,PC_Y0_14,PC,PL227,2019
14.2,PC_Y0_14,PC,PL228,2019
14.2,PC_Y0_14,PC,PL229,2019
13.9,PC_Y0_14,PC,PL22A,2019
13.2,PC_Y0_14,PC,PL22B,2019
16.6,PC_Y0_14,PC,PL22C,2019
16.3,PC_Y0_14,PC,PL411,2019
15.9,PC_Y0_14,PC,PL414,2019
14.5,PC_Y0_14,PC,PL415,2019
15.9,PC_Y0_14,PC,PL416,2019
17.2,PC_Y0_14,PC,PL417,2019
18.8,PC_Y0_14,PC,PL418,2019
13.5,PC_Y0_14,PC,PL424,2019
14.6,PC_Y0_14,PC,PL426,2019
15.0,PC_Y0_14,PC,PL427,2019
15.2,PC_Y0_14,PC,PL428,2019
15.6,PC_Y0_14,PC,PL431,2019
15.2,PC_Y0_14,PC,PL432,2019
14.5,PC_Y0_14,PC,PL514,2019
13.7,PC_Y0_14,PC,PL515,2019
15.1,PC_Y0_14,PC,PL516,2019
13.1,PC_Y0_14,PC,PL517,2019
16.6,PC_Y0_14,PC,PL518,2019
13.8,PC_Y0_14,PC,PL523,2019
13.8,PC_Y0_14,PC,PL524,2019
14.8,PC_Y0_14,PC,PL613,2019
16.1,PC_Y0_14,PC,PL616,2019
15.1,PC_Y0_14,PC,PL617,2019
16.4,PC_Y0_14,PC,PL618,2019
14.5,PC_Y0_14,PC,PL619,2019
15.7,PC_Y0_14,PC,PL621,2019
15.1,PC_Y0_14,PC,PL622,2019
15.8,PC_Y0_14,PC,PL623,2019
14.5,PC_Y0_14,PC,PL633,2019
19.8,PC_Y0_14,PC,PL634,2019
16.0,PC_Y0_14,PC,PL636,2019
17.8,PC_Y0_14,PC,PL637,2019
16.9,PC_Y0_14,PC,PL638,2019
12.7,PC_Y0_14,PC,PL711,2019
14.8,PC_Y0_14,PC,PL712,2019
15.3,PC_Y0_14,PC,PL713,2019
14.9,PC_Y0_14,PC,PL714,2019
14.8,PC_Y0_14,PC,PL715,2019
13.8,PC_Y0_14,PC,PL721,2019
13.8,PC_Y0_14,PC,PL722,2019
15.5,PC_Y0_14,PC,PL811,2019
13.8,PC_Y0_14,PC,PL812,2019
15.2,PC_Y0_14,PC,PL814,2019
14.9,PC_Y0_14,PC,PL815,2019
15.0,PC_Y0_14,PC,PL821,2019
14.9,PC_Y0_14,PC,PL822,2019
16.2,PC_Y0_14,PC,PL823,2019
14.9,PC_Y0_14,PC,PL824,2019
15.0,PC_Y0_14,PC,PL841,2019
14.4,PC_Y0_14,PC,PL842,2019
15.0,PC_Y0_14,PC,PL843,2019
15.8,PC_Y0_14,PC,PL911,2019
18.2,PC_Y0_14,PC,PL912,2019
17.8,PC_Y0_14,PC,PL913,2019
15.3,PC_Y0_14,PC,PL921,2019
15.5,PC_Y0_14,PC,PL922,2019
14.9,PC_Y0_14,PC,PL923,2019
16.4,PC_Y0_14,PC,PL924,2019
16.7,PC_Y0_14,PC,PL925,2019
16.2,PC_Y0_14,PC,PL926,2019
11.4,PC_Y0_14,PC,PT111,2019
13.7,PC_Y0_14,PC,PT112,2019
12.8,PC_Y0_14,PC,PT119,2019
13.3,PC_Y0_14,PC,PT11A,2019
9.5,PC_Y0_14,PC,PT11B,2019
13.3,PC_Y0_14,PC,PT11C,2019
10.8,PC_Y0_14,PC,PT11D,2019
10.0,PC_Y0_14,PC,PT11E,2019
15.0,PC_Y0_14,PC,PT150,2019
13.5,PC_Y0_14,PC,PT16B,2019
12.9,PC_Y0_14,PC,PT16D,2019
11.9,PC_Y0_14,PC,PT16E,2019
12.8,PC_Y0_14,PC,PT16F,2019
11.9,PC_Y0_14,PC,PT16G,2019
10.6,PC_Y0_14,PC,PT16H,2019
11.6,PC_Y0_14,PC,PT16I,2019
10.2,PC_Y0_14,PC,PT16J,2019
15.9,PC_Y0_14,PC,PT170,2019
12.1,PC_Y0_14,PC,PT181,2019
13.0,PC_Y0_14,PC,PT184,2019
13.1,PC_Y0_14,PC,PT185,2019
11.5,PC_Y0_14,PC,PT186,2019
12.3,PC_Y0_14,PC,PT187,2019
15.7,PC_Y0_14,PC,PT200,2019
13.5,PC_Y0_14,PC,PT300,2019
16.2,PC_Y0_14,PC,RO111,2019
17.9,PC_Y0_14,PC,RO112,2019
14.3,PC_Y0_14,PC,RO113,2019
15.9,PC_Y0_14,PC,RO114,2019
16.8,PC_Y0_14,PC,RO115,2019
16.8,PC_Y0_14,PC,RO116,2019
14.8,PC_Y0_14,PC,RO121,2019
16.8,PC_Y0_14,PC,RO122,2019
17.2,PC_Y0_14,PC,RO123,2019
16.6,PC_Y0_14,PC,RO124,2019
16.7,PC_Y0_14,PC,RO125,2019
16.9,PC_Y0_14,PC,RO126,2019
17.5,PC_Y0_14,PC,RO211,2019
16.9,PC_Y0_14,PC,RO212,2019
18.3,PC_Y0_14,PC,RO213,2019
16.4,PC_Y0_14,PC,RO214,2019
18.7,PC_Y0_14,PC,RO215,2019
19.0,PC_Y0_14,PC,RO216,2019
13.9,PC_Y0_14,PC,RO221,2019
14.8,PC_Y0_14,PC,RO222,2019
16.3,PC_Y0_14,PC,RO223,2019
15.4,PC_Y0_14,PC,RO224,2019
15.5,PC_Y0_14,PC,RO225,2019
16.6,PC_Y0_14,PC,RO226,2019
14.2,PC_Y0_14,PC,RO311,2019
16.4,PC_Y0_14,PC,RO312,2019
14.8,PC_Y0_14,PC,RO313,2019
14.8,PC_Y0_14,PC,RO314,2019
17.1,PC_Y0_14,PC,RO315,2019
14.5,PC_Y0_14,PC,RO316,2019
13.3,PC_Y0_14,PC,RO317,2019
14.6,PC_Y0_14,PC,RO321,2019
17.1,PC_Y0_14,PC,RO322,2019
14.5,PC_Y0_14,PC,RO411,2019
13.5,PC_Y0_14,PC,RO412,2019
13.8,PC_Y0_14,PC,RO413,2019
13.4,PC_Y0_14,PC,RO414,2019
13.3,PC_Y0_14,PC,RO415,2019
15.2,PC_Y0_14,PC,RO421,2019
14.0,PC_Y0_14,PC,RO422,2019
13.9,PC_Y0_14,PC,RO423,2019
14.8,PC_Y0_14,PC,RO424,2019
15.1,PC_Y0_14,PC,RS110,2019
12.9,PC_Y0_14,PC,RS121,2019
14.3,PC_Y0_14,PC,RS122,2019
15.5,PC_Y0_14,PC,RS123,2019
13.4,PC_Y0_14,PC,RS124,2019
13.9,PC_Y0_14,PC,RS125,2019
14.1,PC_Y0_14,PC,RS126,2019
14.1,PC_Y0_14,PC,RS127,2019
14.0,PC_Y0_14,PC,RS211,2019
13.2,PC_Y0_14,PC,RS212,2019
14.1,PC_Y0_14,PC,RS213,2019
13.5,PC_Y0_14,PC,RS214,2019
12.9,PC_Y0_14,PC,RS215,2019
12.8,PC_Y0_14,PC,RS216,2019
18.1,PC_Y0_14,PC,RS217,2019
13.8,PC_Y0_14,PC,RS218,2019
12.1,PC_Y0_14,PC,RS221,2019
12.6,PC_Y0_14,PC,RS222,2019
11.2,PC_Y0_14,PC,RS223,2019
13.7,PC_Y0_14,PC,RS224,2019
13.5,PC_Y0_14,PC,RS225,2019
11.8,PC_Y0_14,PC,RS226,2019
13.9,PC_Y0_14,PC,RS227,2019
15.5,PC_Y0_14,PC,RS228,2019
13.9,PC_Y0_14,PC,RS229,2019
18.7,PC_Y0_14,PC,SE110,2019
17.9,PC_Y0_14,PC,SE121,2019
18.2,PC_Y0_14,PC,SE122,2019
17.5,PC_Y0_14,PC,SE123,2019
17.6,PC_Y0_14,PC,SE124,2019
17.6,PC_Y0_14,PC,SE125,2019
18.3,PC_Y0_14,PC,SE211,2019
18.2,PC_Y0_14,PC,SE212,2019
16.6,PC_Y0_14,PC,SE213,2019
15.5,PC_Y0_14,PC,SE214,2019
17.0,PC_Y0_14,PC,SE221,2019
18.2,PC_Y0_14,PC,SE224,2019
18.2,PC_Y0_14,PC,SE231,2019
17.7,PC_Y0_14,PC,SE232,2019
16.3,PC_Y0_14,PC,SE311,2019
17.0,PC_Y0_14,PC,SE312,2019
16.6,PC_Y0_14,PC,SE313,2019
16.7,PC_Y0_14,PC,SE321,2019
17.0,PC_Y0_14,PC,SE322,2019
16.8,PC_Y0_14,PC,SE331,2019
15.4,PC_Y0_14,PC,SE332,2019
13.3,PC_Y0_14,PC,SI031,2019
13.8,PC_Y0_14,PC,SI032,2019
14.5,PC_Y0_14,PC,SI033,2019
15.1,PC_Y0_14,PC,SI034,2019
14.4,PC_Y0_14,PC,SI035,2019
14.8,PC_Y0_14,PC,SI036,2019
16.2,PC_Y0_14,PC,SI037,2019
15.5,PC_Y0_14,PC,SI038,2019
16.0,PC_Y0_14,PC,SI041,2019
16.0,PC_Y0_14,PC,SI042,2019
14.8,PC_Y0_14,PC,SI043,2019
14.1,PC_Y0_14,PC,SI044,2019
17.2,PC_Y0_14,PC,SK010,2019
14.5,PC_Y0_14,PC,SK021,2019
13.8,PC_Y0_14,PC,SK022,2019
13.7,PC_Y0_14,PC,SK023,2019
15.7,PC_Y0_14,PC,SK031,2019
14.7,PC_Y0_14,PC,SK032,2019
18.0,PC_Y0_14,PC,SK041,2019
17.2,PC_Y0_14,PC,SK042,2019
22.1,PC_Y0_14,PC,TR100,2019
21.6,PC_Y0_14,PC,TR211,2019
15.1,PC_Y0_14,PC,TR212,2019
15.4,PC_Y0_14,PC,TR213,2019
16.9,PC_Y0_14,PC,TR221,2019
15.9,PC_Y0_14,PC,TR222,2019
18.8,PC_Y0_14,PC,TR310,2019
19.1,PC_Y0_14,PC,TR321,2019
20.2,PC_Y0_14,PC,TR322,2019
18.3,PC_Y0_14,PC,TR323,2019
20.5,PC_Y0_14,PC,TR331,2019
22.3,PC_Y0_14,PC,TR332,2019
18.0,PC_Y0_14,PC,TR333,2019
19.1,PC_Y0_14,PC,TR334,2019
21.9,PC_Y0_14,PC,TR411,2019
18.1,PC_Y0_14,PC,TR412,2019
18.7,PC_Y0_14,PC,TR413,2019
23.6,PC_Y0_14,PC,TR421,2019
21.8,PC_Y0_14,PC,TR422,2019
21.0,PC_Y0_14,PC,TR423,2019
17.8,PC_Y0_14,PC,TR424,2019
20.0,PC_Y0_14,PC,TR425,2019
21.2,PC_Y0_14,PC,TR510,2019
24.3,PC_Y0_14,PC,TR521,2019
22.4,PC_Y0_14,PC,TR522,2019
21.9,PC_Y0_14,PC,TR611,2019
18.6,PC_Y0_14,PC,TR612,2019
17.2,PC_Y0_14,PC,TR613,2019
25.3,PC_Y0_14,PC,TR621,2019
23.6,PC_Y0_14,PC,TR622,2019
28.2,PC_Y0_14,PC,TR631,2019
28.6,PC_Y0_14,PC,TR632,2019
26.8,PC_Y0_14,PC,TR633,2019
19.0,PC_Y0_14,PC,TR711,2019
25.2,PC_Y0_14,PC,TR712,2019
23.8,PC_Y0_14,PC,TR713,2019
21.3,PC_Y0_14,PC,TR714,2019
20.0,PC_Y0_14,PC,TR715,2019
24.6,PC_Y0_14,PC,TR721,2019
20.9,PC_Y0_14,PC,TR722,2019
21.3,PC_Y0_14,PC,TR723,2019
18.0,PC_Y0_14,PC,TR811,2019
16.5,PC_Y0_14,PC,TR812,2019
16.8,PC_Y0_14,PC,TR813,2019
16.3,PC_Y0_14,PC,TR821,2019
18.1,PC_Y0_14,PC,TR822,2019
16.8,PC_Y0_14,PC,TR823,2019
20.5,PC_Y0_14,PC,TR831,2019
19.8,PC_Y0_14,PC,TR832,2019
19.9,PC_Y0_14,PC,TR833,2019
18.5,PC_Y0_14,PC,TR834,2019
19.7,PC_Y0_14,PC,TR901,2019
19.1,PC_Y0_14,PC,TR902,2019
16.6,PC_Y0_14,PC,TR903,2019
18.4,PC_Y0_14,PC,TR904,2019
16.3,PC_Y0_14,PC,TR905,2019
18.1,PC_Y0_14,PC,TR906,2019
25.9,PC_Y0_14,PC,TRA11,2019
19.2,PC_Y0_14,PC,TRA12,2019
20.7,PC_Y0_14,PC,TRA13,2019
35.4,PC_Y0_14,PC,TRA21,2019
27.4,PC_Y0_14,PC,TRA22,2019
30.0,PC_Y0_14,PC,TRA23,2019
21.4,PC_Y0_14,PC,TRA24,2019
23.3,PC_Y0_14,PC,TRB11,2019
22.6,PC_Y0_14,PC,TRB12,2019
26.9,PC_Y0_14,PC,TRB13,2019
14.1,PC_Y0_14,PC,TRB14,2019
34.5,PC_Y0_14,PC,TRB21,2019
35.1,PC_Y0_14,PC,TRB22,2019
32.9,PC_Y0_14,PC,TRB23,2019
29.2,PC_Y0_14,PC,TRB24,2019
32.7,PC_Y0_14,PC,TRC11,2019
29.3,PC_Y0_14,PC,TRC12,2019
28.6,PC_Y0_14,PC,TRC13,2019
39.8,PC_Y0_14,PC,TRC21,2019
33.4,PC_Y0_14,PC,TRC22,2019
34.2,PC_Y0_14,PC,TRC31,2019
34.5,PC_Y0_14,PC,TRC32,2019
37.0,PC_Y0_14,PC,TRC33,2019
34.6,PC_Y0_14,PC,TRC34,2019
18.5,PC_Y0_14,PC,UKC11,2019
18.4,PC_Y0_14,PC,UKC12,2019
17.7,PC_Y0_14,PC,UKC13,2019
16.2,PC_Y0_14,PC,UKC14,2019
15.2,PC_Y0_14,PC,UKC21,2019
16.7,PC_Y0_14,PC,UKC22,2019
16.6,PC_Y0_14,PC,UKC23,2019
15.9,PC_Y0_14,PC,UKD11,2019
15.0,PC_Y0_14,PC,UKD12,2019
19.4,PC_Y0_14,PC,UKD33,2019
19.7,PC_Y0_14,PC,UKD34,2019
18.7,PC_Y0_14,PC,UKD35,2019
18.8,PC_Y0_14,PC,UKD36,2019
20.4,PC_Y0_14,PC,UKD37,2019
21.7,PC_Y0_14,PC,UKD41,2019
17.5,PC_Y0_14,PC,UKD42,2019
15.5,PC_Y0_14,PC,UKD44,2019
17.2,PC_Y0_14,PC,UKD45,2019
19.5,PC_Y0_14,PC,UKD46,2019
16.8,PC_Y0_14,PC,UKD47,2019
17.8,PC_Y0_14,PC,UKD61,2019
16.8,PC_Y0_14,PC,UKD62,2019
16.8,PC_Y0_14,PC,UKD63,2019
18.3,PC_Y0_14,PC,UKD71,2019
16.4,PC_Y0_14,PC,UKD72,2019
16.3,PC_Y0_14,PC,UKD73,2019
17.6,PC_Y0_14,PC,UKD74,2019
18.9,PC_Y0_14,PC,UKE11,2019
15.3,PC_Y0_14,PC,UKE12,2019
17.8,PC_Y0_14,PC,UKE13,2019
14.8,PC_Y0_14,PC,UKE21,2019
15.8,PC_Y0_14,PC,UKE22,2019
18.0,PC_Y0_14,PC,UKE31,2019
17.1,PC_Y0_14,PC,UKE32,2019
22.3,PC_Y0_14,PC,UKE41,2019
18.4,PC_Y0_14,PC,UKE42,2019
19.0,PC_Y0_14,PC,UKE44,2019
17.9,PC_Y0_14,PC,UKE45,2019
19.8,PC_Y0_14,PC,UKF11,2019
15.9,PC_Y0_14,PC,UKF12,2019
16.2,PC_Y0_14,PC,UKF13,2019
17.9,PC_Y0_14,PC,UKF14,2019
17.2,PC_Y0_14,PC,UKF15,2019
16.9,PC_Y0_14,PC,UKF16,2019
20.4,PC_Y0_14,PC,UKF21,2019
16.8,PC_Y0_14,PC,UKF22,2019
19.2,PC_Y0_14,PC,UKF24,2019
19.3,PC_Y0_14,PC,UKF25,2019
16.2,PC_Y0_14,PC,UKF30,2019
15.8,PC_Y0_14,PC,UKG11,2019
16.7,PC_Y0_14,PC,UKG12,2019
17.1,PC_Y0_14,PC,UKG13,2019
19.3,PC_Y0_14,PC,UKG21,2019
15.3,PC_Y0_14,PC,UKG22,2019
19.4,PC_Y0_14,PC,UKG23,2019
16.2,PC_Y0_14,PC,UKG24,2019
21.5,PC_Y0_14,PC,UKG31,2019
18.4,PC_Y0_14,PC,UKG32,2019
18.6,PC_Y0_14,PC,UKG33,2019
18.2,PC_Y0_14,PC,UKG36,2019
21.3,PC_Y0_14,PC,UKG37,2019
20.3,PC_Y0_14,PC,UKG38,2019
20.0,PC_Y0_14,PC,UKG39,2019
22.0,PC_Y0_14,PC,UKH11,2019
17.6,PC_Y0_14,PC,UKH12,2019
16.9,PC_Y0_14,PC,UKH14,2019
16.1,PC_Y0_14,PC,UKH15,2019
15.1,PC_Y0_14,PC,UKH16,2019
16.7,PC_Y0_14,PC,UKH17,2019
23.0,PC_Y0_14,PC,UKH21,2019
19.4,PC_Y0_14,PC,UKH23,2019
19.6,PC_Y0_14,PC,UKH24,2019
18.8,PC_Y0_14,PC,UKH25,2019
18.4,PC_Y0_14,PC,UKH31,2019
21.8,PC_Y0_14,PC,UKH32,2019
17.2,PC_Y0_14,PC,UKH34,2019
19.1,PC_Y0_14,PC,UKH35,2019
17.3,PC_Y0_14,PC,UKH36,2019
17.9,PC_Y0_14,PC,UKH37,2019
16.5,PC_Y0_14,PC,UKI31,2019
15.8,PC_Y0_14,PC,UKI32,2019
16.4,PC_Y0_14,PC,UKI33,2019
17.3,PC_Y0_14,PC,UKI34,2019
20.5,PC_Y0_14,PC,UKI41,2019
19.2,PC_Y0_14,PC,UKI42,2019
17.1,PC_Y0_14,PC,UKI43,2019
18.7,PC_Y0_14,PC,UKI44,2019
16.5,PC_Y0_14,PC,UKI45,2019
20.3,PC_Y0_14,PC,UKI51,2019
22.3,PC_Y0_14,PC,UKI52,2019
21.1,PC_Y0_14,PC,UKI53,2019
21.6,PC_Y0_14,PC,UKI54,2019
19.3,PC_Y0_14,PC,UKI61,2019
21.0,PC_Y0_14,PC,UKI62,2019
19.8,PC_Y0_14,PC,UKI63,2019
20.2,PC_Y0_14,PC,UKI71,2019
20.1,PC_Y0_14,PC,UKI72,2019
20.5,PC_Y0_14,PC,UKI73,2019
20.4,PC_Y0_14,PC,UKI74,2019
20.4,PC_Y0_14,PC,UKI75,2019
20.3,PC_Y0_14,PC,UKJ11,2019
21.9,PC_Y0_14,PC,UKJ12,2019
19.4,PC_Y0_14,PC,UKJ13,2019
17.8,PC_Y0_14,PC,UKJ14,2019
14.7,PC_Y0_14,PC,UKJ21,2019
16.0,PC_Y0_14,PC,UKJ22,2019
18.6,PC_Y0_14,PC,UKJ25,2019
18.5,PC_Y0_14,PC,UKJ26,2019
15.9,PC_Y0_14,PC,UKJ27,2019
18.6,PC_Y0_14,PC,UKJ28,2019
17.6,PC_Y0_14,PC,UKJ31,2019
17.5,PC_Y0_14,PC,UKJ32,2019
14.7,PC_Y0_14,PC,UKJ34,2019
17.0,PC_Y0_14,PC,UKJ35,2019
16.5,PC_Y0_14,PC,UKJ36,2019
18.9,PC_Y0_14,PC,UKJ37,2019
19.6,PC_Y0_14,PC,UKJ41,2019
19.8,PC_Y0_14,PC,UKJ43,2019
16.2,PC_Y0_14,PC,UKJ44,2019
18.9,PC_Y0_14,PC,UKJ45,2019
19.0,PC_Y0_14,PC,UKJ46,2019
17.7,PC_Y0_14,PC,UKK11,2019
17.0,PC_Y0_14,PC,UKK12,2019
16.9,PC_Y0_14,PC,UKK13,2019
19.4,PC_Y0_14,PC,UKK14,2019
17.8,PC_Y0_14,PC,UKK15,2019
16.4,PC_Y0_14,PC,UKK21,2019
14.9,PC_Y0_14,PC,UKK22,2019
16.6,PC_Y0_14,PC,UKK23,2019
16.0,PC_Y0_14,PC,UKK30,2019
17.0,PC_Y0_14,PC,UKK41,2019
15.8,PC_Y0_14,PC,UKK42,2019
15.4,PC_Y0_14,PC,UKK43,2019
16.4,PC_Y0_14,PC,UKL11,2019
15.8,PC_Y0_14,PC,UKL12,2019
16.1,PC_Y0_14,PC,UKL13,2019
15.8,PC_Y0_14,PC,UKL14,2019
17.7,PC_Y0_14,PC,UKL15,2019
17.4,PC_Y0_14,PC,UKL16,2019
16.7,PC_Y0_14,PC,UKL17,2019
15.9,PC_Y0_14,PC,UKL18,2019
17.6,PC_Y0_14,PC,UKL21,2019
17.6,PC_Y0_14,PC,UKL22,2019
17.7,PC_Y0_14,PC,UKL23,2019
14.9,PC_Y0_14,PC,UKL24,2019
16.2,PC_Y0_14,PC,UKM50,2019
15.4,PC_Y0_14,PC,UKM61,2019
15.9,PC_Y0_14,PC,UKM62,2019
14.5,PC_Y0_14,PC,UKM63,2019
15.0,PC_Y0_14,PC,UKM64,2019
15.0,PC_Y0_14,PC,UKM65,2019
17.1,PC_Y0_14,PC,UKM66,2019
15.4,PC_Y0_14,PC,UKM71,2019
16.4,PC_Y0_14,PC,UKM72,2019
17.7,PC_Y0_14,PC,UKM73,2019
14.5,PC_Y0_14,PC,UKM75,2019
16.6,PC_Y0_14,PC,UKM76,2019
15.1,PC_Y0_14,PC,UKM77,2019
18.3,PC_Y0_14,PC,UKM78,2019
16.4,PC_Y0_14,PC,UKM81,2019
15.2,PC_Y0_14,PC,UKM82,2019
16.6,PC_Y0_14,PC,UKM83,2019
17.3,PC_Y0_14,PC,UKM84,2019
15.5,PC_Y0_14,PC,UKM91,2019
14.7,PC_Y0_14,PC,UKM92,2019
16.2,PC_Y0_14,PC,UKM93,2019
14.7,PC_Y0_14,PC,UKM94,2019
16.3,PC_Y0_14,PC,UKM95,2019
18.9,PC_Y0_14,PC,UKN06,2019
21.2,PC_Y0_14,PC,UKN07,2019
21.3,PC_Y0_14,PC,UKN08,2019
17.6,PC_Y0_14,PC,UKN09,2019
20.6,PC_Y0_14,PC,UKN10,2019
21.9,PC_Y0_14,PC,UKN11,2019
18.5,PC_Y0_14,PC,UKN12,2019
19.7,PC_Y0_14,PC,UKN13,2019
19.0,PC_Y0_14,PC,UKN14,2019
18.0,PC_Y0_14,PC,UKN15,2019
20.3,PC_Y0_14,PC,UKN16,2019
23.7,PC_Y25_44,PC,AL011,2019
27.7,PC_Y25_44,PC,AL012,2019
23.9,PC_Y25_44,PC,AL013,2019
23.8,PC_Y25_44,PC,AL014,2019
25.7,PC_Y25_44,PC,AL015,2019
23.9,PC_Y25_44,PC,AL021,2019
30.0,PC_Y25_44,PC,AL022,2019
23.9,PC_Y25_44,PC,AL031,2019
25.1,PC_Y25_44,PC,AL032,2019
23.2,PC_Y25_44,PC,AL033,2019
25.5,PC_Y25_44,PC,AL034,2019
27.6,PC_Y25_44,PC,AL035,2019
22.2,PC_Y25_44,PC,AT111,2019
24.6,PC_Y25_44,PC,AT112,2019
22.5,PC_Y25_44,PC,AT113,2019
25.4,PC_Y25_44,PC,AT121,2019
24.8,PC_Y25_44,PC,AT122,2019
25.1,PC_Y25_44,PC,AT123,2019
23.3,PC_Y25_44,PC,AT124,2019
23.4,PC_Y25_44,PC,AT125,2019
24.2,PC_Y25_44,PC,AT126,2019
24.7,PC_Y25_44,PC,AT127,2019
31.1,PC_Y25_44,PC,AT130,2019
24.7,PC_Y25_44,PC,AT211,2019
22.9,PC_Y25_44,PC,AT212,2019
23.2,PC_Y25_44,PC,AT213,2019
29.7,PC_Y25_44,PC,AT221,2019
23.6,PC_Y25_44,PC,AT222,2019
22.9,PC_Y25_44,PC,AT223,2019
24.9,PC_Y25_44,PC,AT224,2019
24.5,PC_Y25_44,PC,AT225,2019
22.8,PC_Y25_44,PC,AT226,2019
25.7,PC_Y25_44,PC,AT311,2019
27.2,PC_Y25_44,PC,AT312,2019
25.3,PC_Y25_44,PC,AT313,2019
24.5,PC_Y25_44,PC,AT314,2019
25.1,PC_Y25_44,PC,AT315,2019
24.0,PC_Y25_44,PC,AT321,2019
25.8,PC_Y25_44,PC,AT322,2019
27.3,PC_Y25_44,PC,AT323,2019
25.6,PC_Y25_44,PC,AT331,2019
28.8,PC_Y25_44,PC,AT332,2019
23.4,PC_Y25_44,PC,AT333,2019
27.2,PC_Y25_44,PC,AT334,2019
26.6,PC_Y25_44,PC,AT335,2019
26.2,PC_Y25_44,PC,AT341,2019
27.1,PC_Y25_44,PC,AT342,2019
32.5,PC_Y25_44,PC,BE100,2019
26.5,PC_Y25_44,PC,BE211,2019
25.0,PC_Y25_44,PC,BE212,2019
24.5,PC_Y25_44,PC,BE213,2019
25.4,PC_Y25_44,PC,BE221,2019
24.3,PC_Y25_44,PC,BE222,2019
24.3,PC_Y25_44,PC,BE223,2019
24.6,PC_Y25_44,PC,BE231,2019
24.7,PC_Y25_44,PC,BE232,2019
24.0,PC_Y25_44,PC,BE233,2019
28.1,PC_Y25_44,PC,BE234,2019
24.0,PC_Y25_44,PC,BE235,2019
24.7,PC_Y25_44,PC,BE236,2019
24.0,PC_Y25_44,PC,BE241,2019
25.6,PC_Y25_44,PC,BE242,2019
22.4,PC_Y25_44,PC,BE251,2019
24.7,PC_Y25_44,PC,BE252,2019
23.7,PC_Y25_44,PC,BE253,2019
24.7,PC_Y25_44,PC,BE254,2019
21.3,PC_Y25_44,PC,BE255,2019
25.3,PC_Y25_44,PC,BE256,2019
24.7,PC_Y25_44,PC,BE257,2019
17.7,PC_Y25_44,PC,BE258,2019
24.2,PC_Y25_44,PC,BE310,2019
24.9,PC_Y25_44,PC,BE321,2019
25.3,PC_Y25_44,PC,BE322,2019
26.0,PC_Y25_44,PC,BE323,2019
24.7,PC_Y25_44,PC,BE324,2019
24.8,PC_Y25_44,PC,BE325,2019
24.3,PC_Y25_44,PC,BE326,2019
24.8,PC_Y25_44,PC,BE327,2019
25.2,PC_Y25_44,PC,BE331,2019
26.5,PC_Y25_44,PC,BE332,2019
24.9,PC_Y25_44,PC,BE334,2019
24.5,PC_Y25_44,PC,BE335,2019
23.0,PC_Y25_44,PC,BE336,2019
28.1,PC_Y25_44,PC,BE341,2019
26.5,PC_Y25_44,PC,BE342,2019
24.3,PC_Y25_44,PC,BE343,2019
25.4,PC_Y25_44,PC,BE344,2019
25.2,PC_Y25_44,PC,BE345,2019
24.3,PC_Y25_44,PC,BE351,2019
26.2,PC_Y25_44,PC,BE352,2019
23.8,PC_Y25_44,PC,BE353,2019
21.6,PC_Y25_44,PC,BG311,2019
22.7,PC_Y25_44,PC,BG312,2019
23.4,PC_Y25_44,PC,BG313,2019
23.0,PC_Y25_44,PC,BG314,2019
22.3,PC_Y25_44,PC,BG315,2019
27.4,PC_Y25_44,PC,BG321,2019
23.4,PC_Y25_44,PC,BG322,2019
26.5,PC_Y25_44,PC,BG323,2019
24.8,PC_Y25_44,PC,BG324,2019
23.8,PC_Y25_44,PC,BG325,2019
30.3,PC_Y25_44,PC,BG331,2019
25.4,PC_Y25_44,PC,BG332,2019
26.6,PC_Y25_44,PC,BG333,2019
25.1,PC_Y25_44,PC,BG334,2019
28.2,PC_Y25_44,PC,BG341,2019
25.0,PC_Y25_44,PC,BG342,2019
23.8,PC_Y25_44,PC,BG343,2019
26.2,PC_Y25_44,PC,BG344,2019
33.7,PC_Y25_44,PC,BG411,2019
25.0,PC_Y25_44,PC,BG412,2019
28.2,PC_Y25_44,PC,BG413,2019
25.2,PC_Y25_44,PC,BG414,2019
23.0,PC_Y25_44,PC,BG415,2019
28.2,PC_Y25_44,PC,BG421,2019
25.5,PC_Y25_44,PC,BG422,2019
25.7,PC_Y25_44,PC,BG423,2019
24.3,PC_Y25_44,PC,BG424,2019
27.1,PC_Y25_44,PC,BG425,2019
28.6,PC_Y25_44,PC,CH011,2019
26.2,PC_Y25_44,PC,CH012,2019
29.8,PC_Y25_44,PC,CH013,2019
26.3,PC_Y25_44,PC,CH021,2019
27.6,PC_Y25_44,PC,CH022,2019
26.0,PC_Y25_44,PC,CH023,2019
26.3,PC_Y25_44,PC,CH024,2019
23.7,PC_Y25_44,PC,CH025,2019
31.6,PC_Y25_44,PC,CH031,2019
24.2,PC_Y25_44,PC,CH032,2019
27.4,PC_Y25_44,PC,CH033,2019
31.1,PC_Y25_44,PC,CH040,2019
26.0,PC_Y25_44,PC,CH051,2019
25.7,PC_Y25_44,PC,CH052,2019
24.8,PC_Y25_44,PC,CH053,2019
25.0,PC_Y25_44,PC,CH054,2019
27.2,PC_Y25_44,PC,CH055,2019
25.4,PC_Y25_44,PC,CH056,2019
26.8,PC_Y25_44,PC,CH057,2019
27.8,PC_Y25_44,PC,CH061,2019
24.8,PC_Y25_44,PC,CH062,2019
26.4,PC_Y25_44,PC,CH063,2019
25.4,PC_Y25_44,PC,CH064,2019
25.2,PC_Y25_44,PC,CH065,2019
27.7,PC_Y25_44,PC,CH066,2019
23.7,PC_Y25_44,PC,CH070,2019
30.9,PC_Y25_44,PC,CY000,2019
33.2,PC_Y25_44,PC,CZ010,2019
29.7,PC_Y25_44,PC,CZ020,2019
28.2,PC_Y25_44,PC,CZ031,2019
29.2,PC_Y25_44,PC,CZ032,2019
28.0,PC_Y25_44,PC,CZ041,2019
28.5,PC_Y25_44,PC,CZ042,2019
28.8,PC_Y25_44,PC,CZ051,2019
27.7,PC_Y25_44,PC,CZ052,2019
28.7,PC_Y25_44,PC,CZ053,2019
28.0,PC_Y25_44,PC,CZ063,2019
29.8,PC_Y25_44,PC,CZ064,2019
28.5,PC_Y25_44,PC,CZ071,2019
28.2,PC_Y25_44,PC,CZ072,2019
28.2,PC_Y25_44,PC,CZ080,2019
33.0,PC_Y25_44,PC,DE111,2019
25.9,PC_Y25_44,PC,DE112,2019
25.5,PC_Y25_44,PC,DE113,2019
24.0,PC_Y25_44,PC,DE114,2019
26.1,PC_Y25_44,PC,DE115,2019
24.0,PC_Y25_44,PC,DE116,2019
28.0,PC_Y25_44,PC,DE117,2019
25.2,PC_Y25_44,PC,DE118,2019
24.8,PC_Y25_44,PC,DE119,2019
25.1,PC_Y25_44,PC,DE11A,2019
23.0,PC_Y25_44,PC,DE11B,2019
23.9,PC_Y25_44,PC,DE11C,2019
24.1,PC_Y25_44,PC,DE11D,2019
22.5,PC_Y25_44,PC,DE121,2019
30.5,PC_Y25_44,PC,DE122,2019
24.1,PC_Y25_44,PC,DE123,2019
23.6,PC_Y25_44,PC,DE124,2019
33.3,PC_Y25_44,PC,DE125,2019
29.7,PC_Y25_44,PC,DE126,2019
22.8,PC_Y25_44,PC,DE127,2019
23.9,PC_Y25_44,PC,DE128,2019
26.7,PC_Y25_44,PC,DE129,2019
23.3,PC_Y25_44,PC,DE12A,2019
23.1,PC_Y25_44,PC,DE12B,2019
23.4,PC_Y25_44,PC,DE12C,2019
31.6,PC_Y25_44,PC,DE131,2019
23.0,PC_Y25_44,PC,DE132,2019
23.3,PC_Y25_44,PC,DE133,2019
23.7,PC_Y25_44,PC,DE134,2019
23.3,PC_Y25_44,PC,DE135,2019
24.2,PC_Y25_44,PC,DE136,2019
25.2,PC_Y25_44,PC,DE137,2019
24.3,PC_Y25_44,PC,DE138,2019
24.1,PC_Y25_44,PC,DE139,2019
23.6,PC_Y25_44,PC,DE13A,2019
24.4,PC_Y25_44,PC,DE141,2019
27.2,PC_Y25_44,PC,DE142,2019
23.1,PC_Y25_44,PC,DE143,2019
29.9,PC_Y25_44,PC,DE144,2019
24.5,PC_Y25_44,PC,DE145,2019
25.3,PC_Y25_44,PC,DE146,2019
23.6,PC_Y25_44,PC,DE147,2019
24.6,PC_Y25_44,PC,DE148,2019
23.3,PC_Y25_44,PC,DE149,2019
30.5,PC_Y25_44,PC,DE211,2019
33.4,PC_Y25_44,PC,DE212,2019
28.3,PC_Y25_44,PC,DE213,2019
23.6,PC_Y25_44,PC,DE214,2019
24.7,PC_Y25_44,PC,DE215,2019
23.6,PC_Y25_44,PC,DE216,2019
26.6,PC_Y25_44,PC,DE217,2019
25.0,PC_Y25_44,PC,DE218,2019
26.2,PC_Y25_44,PC,DE219,2019
25.9,PC_Y25_44,PC,DE21A,2019
28.5,PC_Y25_44,PC,DE21B,2019
24.5,PC_Y25_44,PC,DE21C,2019
22.5,PC_Y25_44,PC,DE21D,2019
23.2,PC_Y25_44,PC,DE21E,2019
23.2,PC_Y25_44,PC,DE21F,2019
24.7,PC_Y25_44,PC,DE21G,2019
25.1,PC_Y25_44,PC,DE21H,2019
25.3,PC_Y25_44,PC,DE21I,2019
26.5,PC_Y25_44,PC,DE21J,2019
23.5,PC_Y25_44,PC,DE21K,2019
21.4,PC_Y25_44,PC,DE21L,2019
23.5,PC_Y25_44,PC,DE21M,2019
23.2,PC_Y25_44,PC,DE21N,2019
28.4,PC_Y25_44,PC,DE221,2019
28.3,PC_Y25_44,PC,DE222,2019
27.2,PC_Y25_44,PC,DE223,2019
24.7,PC_Y25_44,PC,DE224,2019
22.5,PC_Y25_44,PC,DE225,2019
25.5,PC_Y25_44,PC,DE226,2019
24.7,PC_Y25_44,PC,DE227,2019
23.2,PC_Y25_44,PC,DE228,2019
23.1,PC_Y25_44,PC,DE229,2019
23.6,PC_Y25_44,PC,DE22A,2019
24.1,PC_Y25_44,PC,DE22B,2019
25.9,PC_Y25_44,PC,DE22C,2019
24.6,PC_Y25_44,PC,DE231,2019
33.8,PC_Y25_44,PC,DE232,2019
24.3,PC_Y25_44,PC,DE233,2019
22.7,PC_Y25_44,PC,DE234,2019
23.7,PC_Y25_44,PC,DE235,2019
24.5,PC_Y25_44,PC,DE236,2019
23.1,PC_Y25_44,PC,DE237,2019
24.2,PC_Y25_44,PC,DE238,2019
24.4,PC_Y25_44,PC,DE239,2019
22.4,PC_Y25_44,PC,DE23A,2019
30.6,PC_Y25_44,PC,DE241,2019
26.5,PC_Y25_44,PC,DE242,2019
25.0,PC_Y25_44,PC,DE243,2019
23.6,PC_Y25_44,PC,DE244,2019
24.3,PC_Y25_44,PC,DE245,2019
22.1,PC_Y25_44,PC,DE246,2019
22.3,PC_Y25_44,PC,DE247,2019
23.6,PC_Y25_44,PC,DE248,2019
20.4,PC_Y25_44,PC,DE249,2019
21.4,PC_Y25_44,PC,DE24A,2019
21.5,PC_Y25_44,PC,DE24B,2019
22.7,PC_Y25_44,PC,DE24C,2019
20.4,PC_Y25_44,PC,DE24D,2019
25.2,PC_Y25_44,PC,DE251,2019
30.9,PC_Y25_44,PC,DE252,2019
28.4,PC_Y25_44,PC,DE253,2019
29.2,PC_Y25_44,PC,DE254,2019
23.7,PC_Y25_44,PC,DE255,2019
23.9,PC_Y25_44,PC,DE256,2019
23.9,PC_Y25_44,PC,DE257,2019
22.8,PC_Y25_44,PC,DE258,2019
22.9,PC_Y25_44,PC,DE259,2019
23.4,PC_Y25_44,PC,DE25A,2019
23.2,PC_Y25_44,PC,DE25B,2019
23.3,PC_Y25_44,PC,DE25C,2019
26.9,PC_Y25_44,PC,DE261,2019
25.1,PC_Y25_44,PC,DE262,2019
31.2,PC_Y25_44,PC,DE263,2019
23.0,PC_Y25_44,PC,DE264,2019
21.6,PC_Y25_44,PC,DE265,2019
22.3,PC_Y25_44,PC,DE266,2019
23.0,PC_Y25_44,PC,DE267,2019
24.2,PC_Y25_44,PC,DE268,2019
23.0,PC_Y25_44,PC,DE269,2019
22.2,PC_Y25_44,PC,DE26A,2019
23.2,PC_Y25_44,PC,DE26B,2019
23.6,PC_Y25_44,PC,DE26C,2019
30.3,PC_Y25_44,PC,DE271,2019
24.6,PC_Y25_44,PC,DE272,2019
26.9,PC_Y25_44,PC,DE273,2019
25.6,PC_Y25_44,PC,DE274,2019
23.9,PC_Y25_44,PC,DE275,2019
23.8,PC_Y25_44,PC,DE276,2019
23.9,PC_Y25_44,PC,DE277,2019
24.8,PC_Y25_44,PC,DE278,2019
25.6,PC_Y25_44,PC,DE279,2019
23.1,PC_Y25_44,PC,DE27A,2019
23.5,PC_Y25_44,PC,DE27B,2019
23.8,PC_Y25_44,PC,DE27C,2019
24.7,PC_Y25_44,PC,DE27D,2019
23.0,PC_Y25_44,PC,DE27E,2019
31.0,PC_Y25_44,PC,DE300,2019
24.0,PC_Y25_44,PC,DE401,2019
24.7,PC_Y25_44,PC,DE402,2019
22.8,PC_Y25_44,PC,DE403,2019
30.1,PC_Y25_44,PC,DE404,2019
22.4,PC_Y25_44,PC,DE405,2019
22.6,PC_Y25_44,PC,DE406,2019
19.9,PC_Y25_44,PC,DE407,2019
21.9,PC_Y25_44,PC,DE408,2019
21.8,PC_Y25_44,PC,DE409,2019
22.0,PC_Y25_44,PC,DE40A,2019
20.6,PC_Y25_44,PC,DE40B,2019
20.8,PC_Y25_44,PC,DE40C,2019
21.2,PC_Y25_44,PC,DE40D,2019
21.2,PC_Y25_44,PC,DE40E,2019
19.7,PC_Y25_44,PC,DE40F,2019
18.9,PC_Y25_44,PC,DE40G,2019
23.4,PC_Y25_44,PC,DE40H,2019
19.8,PC_Y25_44,PC,DE40I,2019
27.1,PC_Y25_44,PC,DE501,2019
24.4,PC_Y25_44,PC,DE502,2019
30.8,PC_Y25_44,PC,DE600,2019
30.8,PC_Y25_44,PC,DE711,2019
33.9,PC_Y25_44,PC,DE712,2019
30.3,PC_Y25_44,PC,DE713,2019
26.5,PC_Y25_44,PC,DE714,2019
22.7,PC_Y25_44,PC,DE715,2019
23.7,PC_Y25_44,PC,DE716,2019
26.2,PC_Y25_44,PC,DE717,2019
21.9,PC_Y25_44,PC,DE718,2019
23.9,PC_Y25_44,PC,DE719,2019
24.0,PC_Y25_44,PC,DE71A,2019
22.0,PC_Y25_44,PC,DE71B,2019
24.6,PC_Y25_44,PC,DE71C,2019
21.8,PC_Y25_44,PC,DE71D,2019
23.7,PC_Y25_44,PC,DE71E,2019
26.4,PC_Y25_44,PC,DE721,2019
23.1,PC_Y25_44,PC,DE722,2019
23.1,PC_Y25_44,PC,DE723,2019
25.4,PC_Y25_44,PC,DE724,2019
21.3,PC_Y25_44,PC,DE725,2019
28.4,PC_Y25_44,PC,DE731,2019
23.8,PC_Y25_44,PC,DE732,2019
22.0,PC_Y25_44,PC,DE733,2019
21.3,PC_Y25_44,PC,DE734,2019
22.2,PC_Y25_44,PC,DE735,2019
21.7,PC_Y25_44,PC,DE736,2019
20.6,PC_Y25_44,PC,DE737,2019
28.2,PC_Y25_44,PC,DE803,2019
24.6,PC_Y25_44,PC,DE804,2019
21.4,PC_Y25_44,PC,DE80J,2019
21.9,PC_Y25_44,PC,DE80K,2019
21.7,PC_Y25_44,PC,DE80L,2019
23.1,PC_Y25_44,PC,DE80M,2019
22.8,PC_Y25_44,PC,DE80N,2019
22.1,PC_Y25_44,PC,DE80O,2019
28.7,PC_Y25_44,PC,DE911,2019
23.1,PC_Y25_44,PC,DE912,2019
26.9,PC_Y25_44,PC,DE913,2019
23.0,PC_Y25_44,PC,DE914,2019
20.6,PC_Y25_44,PC,DE916,2019
22.3,PC_Y25_44,PC,DE917,2019
20.4,PC_Y25_44,PC,DE918,2019
22.1,PC_Y25_44,PC,DE91A,2019
21.1,PC_Y25_44,PC,DE91B,2019
23.9,PC_Y25_44,PC,DE91C,2019
21.8,PC_Y25_44,PC,DE922,2019
20.7,PC_Y25_44,PC,DE923,2019
22.2,PC_Y25_44,PC,DE925,2019
20.2,PC_Y25_44,PC,DE926,2019
21.5,PC_Y25_44,PC,DE927,2019
20.9,PC_Y25_44,PC,DE928,2019
25.8,PC_Y25_44,PC,DE929,2019
22.3,PC_Y25_44,PC,DE931,2019
20.4,PC_Y25_44,PC,DE932,2019
21.9,PC_Y25_44,PC,DE933,2019
19.0,PC_Y25_44,PC,DE934,2019
24.1,PC_Y25_44,PC,DE935,2019
20.9,PC_Y25_44,PC,DE936,2019
22.5,PC_Y25_44,PC,DE937,2019
22.4,PC_Y25_44,PC,DE938,2019
23.3,PC_Y25_44,PC,DE939,2019
20.5,PC_Y25_44,PC,DE93A,2019
21.9,PC_Y25_44,PC,DE93B,2019
23.8,PC_Y25_44,PC,DE941,2019
24.6,PC_Y25_44,PC,DE942,2019
28.1,PC_Y25_44,PC,DE943,2019
28.5,PC_Y25_44,PC,DE944,2019
22.7,PC_Y25_44,PC,DE945,2019
21.7,PC_Y25_44,PC,DE946,2019
21.5,PC_Y25_44,PC,DE947,2019
25.1,PC_Y25_44,PC,DE948,2019
24.7,PC_Y25_44,PC,DE949,2019
19.8,PC_Y25_44,PC,DE94A,2019
23.0,PC_Y25_44,PC,DE94B,2019
22.9,PC_Y25_44,PC,DE94C,2019
21.5,PC_Y25_44,PC,DE94D,2019
22.8,PC_Y25_44,PC,DE94E,2019
25.7,PC_Y25_44,PC,DE94F,2019
20.9,PC_Y25_44,PC,DE94G,2019
20.5,PC_Y25_44,PC,DE94H,2019
30.2,PC_Y25_44,PC,DEA11,2019
25.6,PC_Y25_44,PC,DEA12,2019
26.4,PC_Y25_44,PC,DEA13,2019
24.0,PC_Y25_44,PC,DEA14,2019
24.9,PC_Y25_44,PC,DEA15,2019
23.1,PC_Y25_44,PC,DEA16,2019
24.6,PC_Y25_44,PC,DEA17,2019
23.1,PC_Y25_44,PC,DEA18,2019
23.6,PC_Y25_44,PC,DEA19,2019
25.2,PC_Y25_44,PC,DEA1A,2019
23.4,PC_Y25_44,PC,DEA1B,2019
21.9,PC_Y25_44,PC,DEA1C,2019
23.1,PC_Y25_44,PC,DEA1D,2019
21.8,PC_Y25_44,PC,DEA1E,2019
22.1,PC_Y25_44,PC,DEA1F,2019
28.4,PC_Y25_44,PC,DEA22,2019
31.3,PC_Y25_44,PC,DEA23,2019
24.1,PC_Y25_44,PC,DEA24,2019
23.1,PC_Y25_44,PC,DEA26,2019
23.5,PC_Y25_44,PC,DEA27,2019
22.2,PC_Y25_44,PC,DEA28,2019
23.0,PC_Y25_44,PC,DEA29,2019
22.5,PC_Y25_44,PC,DEA2A,2019
21.1,PC_Y25_44,PC,DEA2B,2019
22.6,PC_Y25_44,PC,DEA2C,2019
25.4,PC_Y25_44,PC,DEA2D,2019
23.3,PC_Y25_44,PC,DEA31,2019
24.7,PC_Y25_44,PC,DEA32,2019
30.2,PC_Y25_44,PC,DEA33,2019
23.6,PC_Y25_44,PC,DEA34,2019
22.0,PC_Y25_44,PC,DEA35,2019
22.5,PC_Y25_44,PC,DEA36,2019
22.9,PC_Y25_44,PC,DEA37,2019
22.4,PC_Y25_44,PC,DEA38,2019
26.7,PC_Y25_44,PC,DEA41,2019
24.0,PC_Y25_44,PC,DEA42,2019
22.7,PC_Y25_44,PC,DEA43,2019
21.3,PC_Y25_44,PC,DEA44,2019
22.0,PC_Y25_44,PC,DEA45,2019
22.3,PC_Y25_44,PC,DEA46,2019
26.2,PC_Y25_44,PC,DEA47,2019
26.3,PC_Y25_44,PC,DEA51,2019
26.6,PC_Y25_44,PC,DEA52,2019
23.4,PC_Y25_44,PC,DEA53,2019
24.4,PC_Y25_44,PC,DEA54,2019
24.1,PC_Y25_44,PC,DEA55,2019
22.2,PC_Y25_44,PC,DEA56,2019
22.3,PC_Y25_44,PC,DEA57,2019
22.5,PC_Y25_44,PC,DEA58,2019
23.4,PC_Y25_44,PC,DEA59,2019
24.0,PC_Y25_44,PC,DEA5A,2019
22.9,PC_Y25_44,PC,DEA5B,2019
22.4,PC_Y25_44,PC,DEA5C,2019
28.0,PC_Y25_44,PC,DEB11,2019
21.4,PC_Y25_44,PC,DEB12,2019
22.3,PC_Y25_44,PC,DEB13,2019
22.1,PC_Y25_44,PC,DEB14,2019
21.9,PC_Y25_44,PC,DEB15,2019
23.2,PC_Y25_44,PC,DEB17,2019
22.1,PC_Y25_44,PC,DEB18,2019
22.1,PC_Y25_44,PC,DEB1A,2019
23.0,PC_Y25_44,PC,DEB1B,2019
21.2,PC_Y25_44,PC,DEB1C,2019
22.2,PC_Y25_44,PC,DEB1D,2019
30.6,PC_Y25_44,PC,DEB21,2019
22.4,PC_Y25_44,PC,DEB22,2019
23.6,PC_Y25_44,PC,DEB23,2019
21.3,PC_Y25_44,PC,DEB24,2019
23.5,PC_Y25_44,PC,DEB25,2019
24.7,PC_Y25_44,PC,DEB31,2019
27.2,PC_Y25_44,PC,DEB32,2019
25.6,PC_Y25_44,PC,DEB33,2019
27.2,PC_Y25_44,PC,DEB34,2019
32.3,PC_Y25_44,PC,DEB35,2019
22.4,PC_Y25_44,PC,DEB36,2019
21.6,PC_Y25_44,PC,DEB37,2019
23.5,PC_Y25_44,PC,DEB38,2019
25.1,PC_Y25_44,PC,DEB39,2019
24.6,PC_Y25_44,PC,DEB3A,2019
23.2,PC_Y25_44,PC,DEB3B,2019
20.7,PC_Y25_44,PC,DEB3C,2019
21.9,PC_Y25_44,PC,DEB3D,2019
24.3,PC_Y25_44,PC,DEB3E,2019
22.5,PC_Y25_44,PC,DEB3F,2019
21.2,PC_Y25_44,PC,DEB3G,2019
21.6,PC_Y25_44,PC,DEB3H,2019
22.6,PC_Y25_44,PC,DEB3I,2019
22.7,PC_Y25_44,PC,DEB3J,2019
20.6,PC_Y25_44,PC,DEB3K,2019
24.7,PC_Y25_44,PC,DEC01,2019
22.5,PC_Y25_44,PC,DEC02,2019
22.2,PC_Y25_44,PC,DEC03,2019
22.4,PC_Y25_44,PC,DEC04,2019
21.6,PC_Y25_44,PC,DEC05,2019
21.6,PC_Y25_44,PC,DEC06,2019
30.0,PC_Y25_44,PC,DED21,2019
20.8,PC_Y25_44,PC,DED2C,2019
19.6,PC_Y25_44,PC,DED2D,2019
21.1,PC_Y25_44,PC,DED2E,2019
21.4,PC_Y25_44,PC,DED2F,2019
25.2,PC_Y25_44,PC,DED41,2019
20.4,PC_Y25_44,PC,DED42,2019
21.3,PC_Y25_44,PC,DED43,2019
20.1,PC_Y25_44,PC,DED44,2019
20.7,PC_Y25_44,PC,DED45,2019
32.2,PC_Y25_44,PC,DED51,2019
21.1,PC_Y25_44,PC,DED52,2019
21.8,PC_Y25_44,PC,DED53,2019
20.3,PC_Y25_44,PC,DEE01,2019
26.3,PC_Y25_44,PC,DEE02,2019
26.5,PC_Y25_44,PC,DEE03,2019
21.4,PC_Y25_44,PC,DEE04,2019
20.6,PC_Y25_44,PC,DEE05,2019
20.9,PC_Y25_44,PC,DEE06,2019
22.4,PC_Y25_44,PC,DEE07,2019
21.0,PC_Y25_44,PC,DEE08,2019
20.7,PC_Y25_44,PC,DEE09,2019
19.5,PC_Y25_44,PC,DEE0A,2019
21.6,PC_Y25_44,PC,DEE0B,2019
20.4,PC_Y25_44,PC,DEE0C,2019
20.7,PC_Y25_44,PC,DEE0D,2019
19.8,PC_Y25_44,PC,DEE0E,2019
26.4,PC_Y25_44,PC,DEF01,2019
29.9,PC_Y25_44,PC,DEF02,2019
25.0,PC_Y25_44,PC,DEF03,2019
23.9,PC_Y25_44,PC,DEF04,2019
20.4,PC_Y25_44,PC,DEF05,2019
22.3,PC_Y25_44,PC,DEF06,2019
21.5,PC_Y25_44,PC,DEF07,2019
19.6,PC_Y25_44,PC,DEF08,2019
22.9,PC_Y25_44,PC,DEF09,2019
19.3,PC_Y25_44,PC,DEF0A,2019
20.7,PC_Y25_44,PC,DEF0B,2019
21.1,PC_Y25_44,PC,DEF0C,2019
23.4,PC_Y25_44,PC,DEF0D,2019
21.3,PC_Y25_44,PC,DEF0E,2019
21.8,PC_Y25_44,PC,DEF0F,2019
27.4,PC_Y25_44,PC,DEG01,2019
21.5,PC_Y25_44,PC,DEG02,2019
31.2,PC_Y25_44,PC,DEG03,2019
19.0,PC_Y25_44,PC,DEG04,2019
26.9,PC_Y25_44,PC,DEG05,2019
23.6,PC_Y25_44,PC,DEG06,2019
21.3,PC_Y25_44,PC,DEG07,2019
22.0,PC_Y25_44,PC,DEG09,2019
20.5,PC_Y25_44,PC,DEG0A,2019
21.8,PC_Y25_44,PC,DEG0B,2019
22.5,PC_Y25_44,PC,DEG0C,2019
21.9,PC_Y25_44,PC,DEG0D,2019
22.8,PC_Y25_44,PC,DEG0E,2019
23.0,PC_Y25_44,PC,DEG0F,2019
22.0,PC_Y25_44,PC,DEG0G,2019
21.0,PC_Y25_44,PC,DEG0H,2019
20.2,PC_Y25_44,PC,DEG0I,2019
21.3,PC_Y25_44,PC,DEG0J,2019
20.8,PC_Y25_44,PC,DEG0K,2019
19.0,PC_Y25_44,PC,DEG0L,2019
19.1,PC_Y25_44,PC,DEG0M,2019
23.7,PC_Y25_44,PC,DEG0N,2019
21.9,PC_Y25_44,PC,DEG0P,2019
37.6,PC_Y25_44,PC,DK011,2019
25.1,PC_Y25_44,PC,DK012,2019
19.7,PC_Y25_44,PC,DK013,2019
17.5,PC_Y25_44,PC,DK014,2019
21.8,PC_Y25_44,PC,DK021,2019
21.0,PC_Y25_44,PC,DK022,2019
23.1,PC_Y25_44,PC,DK031,2019
22.5,PC_Y25_44,PC,DK032,2019
22.4,PC_Y25_44,PC,DK041,2019
25.7,PC_Y25_44,PC,DK042,2019
23.2,PC_Y25_44,PC,DK050,2019
31.3,PC_Y25_44,PC,EE001,2019
25.2,PC_Y25_44,PC,EE004,2019
24.8,PC_Y25_44,PC,EE006,2019
23.0,PC_Y25_44,PC,EE007,2019
26.6,PC_Y25_44,PC,EE008,2019
24.2,PC_Y25_44,PC,EL301,2019
27.2,PC_Y25_44,PC,EL302,2019
27.1,PC_Y25_44,PC,EL303,2019
25.6,PC_Y25_44,PC,EL304,2019
28.2,PC_Y25_44,PC,EL305,2019
30.7,PC_Y25_44,PC,EL306,2019
26.6,PC_Y25_44,PC,EL307,2019
25.6,PC_Y25_44,PC,EL411,2019
27.6,PC_Y25_44,PC,EL412,2019
28.0,PC_Y25_44,PC,EL413,2019
29.0,PC_Y25_44,PC,EL421,2019
25.8,PC_Y25_44,PC,EL422,2019
27.3,PC_Y25_44,PC,EL431,2019
25.7,PC_Y25_44,PC,EL432,2019
27.8,PC_Y25_44,PC,EL433,2019
27.0,PC_Y25_44,PC,EL434,2019
27.0,PC_Y25_44,PC,EL511,2019
28.1,PC_Y25_44,PC,EL512,2019
27.1,PC_Y25_44,PC,EL513,2019
22.0,PC_Y25_44,PC,EL514,2019
22.1,PC_Y25_44,PC,EL515,2019
24.0,PC_Y25_44,PC,EL521,2019
25.8,PC_Y25_44,PC,EL522,2019
25.6,PC_Y25_44,PC,EL523,2019
23.1,PC_Y25_44,PC,EL524,2019
24.4,PC_Y25_44,PC,EL525,2019
20.7,PC_Y25_44,PC,EL526,2019
24.9,PC_Y25_44,PC,EL527,2019
22.4,PC_Y25_44,PC,EL531,2019
22.1,PC_Y25_44,PC,EL532,2019
23.7,PC_Y25_44,PC,EL533,2019
19.4,PC_Y25_44,PC,EL541,2019
23.1,PC_Y25_44,PC,EL542,2019
25.3,PC_Y25_44,PC,EL543,2019
21.8,PC_Y25_44,PC,EL611,2019
24.2,PC_Y25_44,PC,EL612,2019
26.2,PC_Y25_44,PC,EL613,2019
24.9,PC_Y25_44,PC,EL621,2019
24.0,PC_Y25_44,PC,EL622,2019
23.7,PC_Y25_44,PC,EL623,2019
25.3,PC_Y25_44,PC,EL624,2019
22.7,PC_Y25_44,PC,EL631,2019
26.0,PC_Y25_44,PC,EL632,2019
26.1,PC_Y25_44,PC,EL633,2019
28.5,PC_Y25_44,PC,EL641,2019
25.6,PC_Y25_44,PC,EL642,2019
19.7,PC_Y25_44,PC,EL643,2019
23.3,PC_Y25_44,PC,EL644,2019
24.4,PC_Y25_44,PC,EL645,2019
24.1,PC_Y25_44,PC,EL651,2019
25.1,PC_Y25_44,PC,EL652,2019
23.9,PC_Y25_44,PC,EL653,2019
25.6,PC_Y25_44,PC,ES111,2019
24.0,PC_Y25_44,PC,ES112,2019
22.8,PC_Y25_44,PC,ES113,2019
26.6,PC_Y25_44,PC,ES114,2019
24.1,PC_Y25_44,PC,ES120,2019
25.7,PC_Y25_44,PC,ES130,2019
25.5,PC_Y25_44,PC,ES211,2019
24.1,PC_Y25_44,PC,ES212,2019
24.2,PC_Y25_44,PC,ES213,2019
25.8,PC_Y25_44,PC,ES220,2019
25.8,PC_Y25_44,PC,ES230,2019
25.1,PC_Y25_44,PC,ES241,2019
24.2,PC_Y25_44,PC,ES242,2019
26.1,PC_Y25_44,PC,ES243,2019
28.6,PC_Y25_44,PC,ES300,2019
23.1,PC_Y25_44,PC,ES411,2019
24.2,PC_Y25_44,PC,ES412,2019
23.4,PC_Y25_44,PC,ES413,2019
23.5,PC_Y25_44,PC,ES414,2019
23.1,PC_Y25_44,PC,ES415,2019
24.4,PC_Y25_44,PC,ES416,2019
23.3,PC_Y25_44,PC,ES417,2019
24.9,PC_Y25_44,PC,ES418,2019
22.0,PC_Y25_44,PC,ES419,2019
26.6,PC_Y25_44,PC,ES421,2019
26.3,PC_Y25_44,PC,ES422,2019
25.4,PC_Y25_44,PC,ES423,2019
28.7,PC_Y25_44,PC,ES424,2019
27.6,PC_Y25_44,PC,ES425,2019
26.6,PC_Y25_44,PC,ES431,2019
24.5,PC_Y25_44,PC,ES432,2019
27.6,PC_Y25_44,PC,ES511,2019
27.0,PC_Y25_44,PC,ES512,2019
26.8,PC_Y25_44,PC,ES513,2019
26.9,PC_Y25_44,PC,ES514,2019
26.8,PC_Y25_44,PC,ES521,2019
26.6,PC_Y25_44,PC,ES522,2019
26.9,PC_Y25_44,PC,ES523,2019
37.0,PC_Y25_44,PC,ES531,2019
30.5,PC_Y25_44,PC,ES532,2019
28.6,PC_Y25_44,PC,ES533,2019
29.6,PC_Y25_44,PC,ES611,2019
27.7,PC_Y25_44,PC,ES612,2019
26.4,PC_Y25_44,PC,ES613,2019
27.3,PC_Y25_44,PC,ES614,2019
28.8,PC_Y25_44,PC,ES615,2019
26.1,PC_Y25_44,PC,ES616,2019
28.0,PC_Y25_44,PC,ES617,2019
28.1,PC_Y25_44,PC,ES618,2019
28.6,PC_Y25_44,PC,ES620,2019
28.6,PC_Y25_44,PC,ES630,2019
27.1,PC_Y25_44,PC,ES640,2019
26.8,PC_Y25_44,PC,ES703,2019
34.0,PC_Y25_44,PC,ES704,2019
28.9,PC_Y25_44,PC,ES705,2019
25.5,PC_Y25_44,PC,ES706,2019
26.5,PC_Y25_44,PC,ES707,2019
31.7,PC_Y25_44,PC,ES708,2019
29.8,PC_Y25_44,PC,ES709,2019
24.2,PC_Y25_44,PC,FI193,2019
22.0,PC_Y25_44,PC,FI194,2019
24.2,PC_Y25_44,PC,FI195,2019
22.0,PC_Y25_44,PC,FI196,2019
26.6,PC_Y25_44,PC,FI197,2019
29.8,PC_Y25_44,PC,FI1B1,2019
25.2,PC_Y25_44,PC,FI1C1,2019
22.4,PC_Y25_44,PC,FI1C2,2019
22.4,PC_Y25_44,PC,FI1C3,2019
21.3,PC_Y25_44,PC,FI1C4,2019
21.7,PC_Y25_44,PC,FI1C5,2019
19.0,PC_Y25_44,PC,FI1D1,2019
22.8,PC_Y25_44,PC,FI1D2,2019
22.2,PC_Y25_44,PC,FI1D3,2019
22.9,PC_Y25_44,PC,FI1D5,2019
22.2,PC_Y25_44,PC,FI1D7,2019
20.1,PC_Y25_44,PC,FI1D8,2019
25.0,PC_Y25_44,PC,FI1D9,2019
,PC_Y25_44,PC,FI200,2019
32.0,PC_Y25_44,PC,FR101,2019
26.2,PC_Y25_44,PC,FR102,2019
25.2,PC_Y25_44,PC,FR103,2019
26.2,PC_Y25_44,PC,FR104,2019
29.3,PC_Y25_44,PC,FR105,2019
29.5,PC_Y25_44,PC,FR106,2019
28.0,PC_Y25_44,PC,FR107,2019
27.0,PC_Y25_44,PC,FR108,2019
20.7,PC_Y25_44,PC,FRB01,2019
23.2,PC_Y25_44,PC,FRB02,2019
19.2,PC_Y25_44,PC,FRB03,2019
22.9,PC_Y25_44,PC,FRB04,2019
20.9,PC_Y25_44,PC,FRB05,2019
23.6,PC_Y25_44,PC,FRB06,2019
23.3,PC_Y25_44,PC,FRC11,2019
18.8,PC_Y25_44,PC,FRC12,2019
20.6,PC_Y25_44,PC,FRC13,2019
21.4,PC_Y25_44,PC,FRC14,2019
24.3,PC_Y25_44,PC,FRC21,2019
21.6,PC_Y25_44,PC,FRC22,2019
21.4,PC_Y25_44,PC,FRC23,2019
24.1,PC_Y25_44,PC,FRC24,2019
22.4,PC_Y25_44,PC,FRD11,2019
21.0,PC_Y25_44,PC,FRD12,2019
19.9,PC_Y25_44,PC,FRD13,2019
23.5,PC_Y25_44,PC,FRD21,2019
23.7,PC_Y25_44,PC,FRD22,2019
25.3,PC_Y25_44,PC,FRE11,2019
24.0,PC_Y25_44,PC,FRE12,2019
22.8,PC_Y25_44,PC,FRE21,2019
25.0,PC_Y25_44,PC,FRE22,2019
23.4,PC_Y25_44,PC,FRE23,2019
24.9,PC_Y25_44,PC,FRF11,2019
24.1,PC_Y25_44,PC,FRF12,2019
22.4,PC_Y25_44,PC,FRF21,2019
23.1,PC_Y25_44,PC,FRF22,2019
24.0,PC_Y25_44,PC,FRF23,2019
21.2,PC_Y25_44,PC,FRF24,2019
24.3,PC_Y25_44,PC,FRF31,2019
22.1,PC_Y25_44,PC,FRF32,2019
24.6,PC_Y25_44,PC,FRF33,2019
20.9,PC_Y25_44,PC,FRF34,2019
25.5,PC_Y25_44,PC,FRG01,2019
22.8,PC_Y25_44,PC,FRG02,2019
21.7,PC_Y25_44,PC,FRG03,2019
21.9,PC_Y25_44,PC,FRG04,2019
21.7,PC_Y25_44,PC,FRG05,2019
20.0,PC_Y25_44,PC,FRH01,2019
21.7,PC_Y25_44,PC,FRH02,2019
24.9,PC_Y25_44,PC,FRH03,2019
20.9,PC_Y25_44,PC,FRH04,2019
19.0,PC_Y25_44,PC,FRI11,2019
25.4,PC_Y25_44,PC,FRI12,2019
21.6,PC_Y25_44,PC,FRI13,2019
20.8,PC_Y25_44,PC,FRI14,2019
22.3,PC_Y25_44,PC,FRI15,2019
20.3,PC_Y25_44,PC,FRI21,2019
18.4,PC_Y25_44,PC,FRI22,2019
21.1,PC_Y25_44,PC,FRI23,2019
21.0,PC_Y25_44,PC,FRI31,2019
20.0,PC_Y25_44,PC,FRI32,2019
21.6,PC_Y25_44,PC,FRI33,2019
22.0,PC_Y25_44,PC,FRI34,2019
20.6,PC_Y25_44,PC,FRJ11,2019
21.8,PC_Y25_44,PC,FRJ12,2019
23.8,PC_Y25_44,PC,FRJ13,2019
20.6,PC_Y25_44,PC,FRJ14,2019
20.9,PC_Y25_44,PC,FRJ15,2019
20.6,PC_Y25_44,PC,FRJ21,2019
20.1,PC_Y25_44,PC,FRJ22,2019
27.3,PC_Y25_44,PC,FRJ23,2019
19.4,PC_Y25_44,PC,FRJ24,2019
18.7,PC_Y25_44,PC,FRJ25,2019
19.8,PC_Y25_44,PC,FRJ26,2019
20.9,PC_Y25_44,PC,FRJ27,2019
22.6,PC_Y25_44,PC,FRJ28,2019
20.0,PC_Y25_44,PC,FRK11,2019
19.5,PC_Y25_44,PC,FRK12,2019
21.0,PC_Y25_44,PC,FRK13,2019
23.2,PC_Y25_44,PC,FRK14,2019
24.9,PC_Y25_44,PC,FRK21,2019
20.9,PC_Y25_44,PC,FRK22,2019
22.8,PC_Y25_44,PC,FRK23,2019
24.3,PC_Y25_44,PC,FRK24,2019
22.3,PC_Y25_44,PC,FRK25,2019
26.8,PC_Y25_44,PC,FRK26,2019
23.5,PC_Y25_44,PC,FRK27,2019
27.7,PC_Y25_44,PC,FRK28,2019
20.4,PC_Y25_44,PC,FRL01,2019
21.7,PC_Y25_44,PC,FRL02,2019
22.9,PC_Y25_44,PC,FRL03,2019
24.2,PC_Y25_44,PC,FRL04,2019
21.5,PC_Y25_44,PC,FRL05,2019
22.3,PC_Y25_44,PC,FRL06,2019
24.1,PC_Y25_44,PC,FRM01,2019
23.9,PC_Y25_44,PC,FRM02,2019
20.7,PC_Y25_44,PC,FRY10,2019
19.3,PC_Y25_44,PC,FRY20,2019
26.9,PC_Y25_44,PC,FRY30,2019
24.6,PC_Y25_44,PC,FRY40,2019
25.7,PC_Y25_44,PC,FRY50,2019
26.2,PC_Y25_44,PC,HR031,2019
22.6,PC_Y25_44,PC,HR032,2019
25.0,PC_Y25_44,PC,HR033,2019
22.8,PC_Y25_44,PC,HR034,2019
26.0,PC_Y25_44,PC,HR035,2019
26.8,PC_Y25_44,PC,HR036,2019
25.5,PC_Y25_44,PC,HR037,2019
29.5,PC_Y25_44,PC,HR041,2019
26.3,PC_Y25_44,PC,HR042,2019
25.6,PC_Y25_44,PC,HR043,2019
26.1,PC_Y25_44,PC,HR044,2019
24.5,PC_Y25_44,PC,HR045,2019
25.7,PC_Y25_44,PC,HR046,2019
23.5,PC_Y25_44,PC,HR047,2019
23.7,PC_Y25_44,PC,HR048,2019
22.7,PC_Y25_44,PC,HR049,2019
23.2,PC_Y25_44,PC,HR04A,2019
25.1,PC_Y25_44,PC,HR04B,2019
23.1,PC_Y25_44,PC,HR04C,2019
24.5,PC_Y25_44,PC,HR04D,2019
23.2,PC_Y25_44,PC,HR04E,2019
32.3,PC_Y25_44,PC,HU110,2019
29.2,PC_Y25_44,PC,HU120,2019
29.0,PC_Y25_44,PC,HU211,2019
28.9,PC_Y25_44,PC,HU212,2019
27.0,PC_Y25_44,PC,HU213,2019
30.6,PC_Y25_44,PC,HU221,2019
28.0,PC_Y25_44,PC,HU222,2019
25.9,PC_Y25_44,PC,HU223,2019
26.2,PC_Y25_44,PC,HU231,2019
25.8,PC_Y25_44,PC,HU232,2019
26.2,PC_Y25_44,PC,HU233,2019
26.3,PC_Y25_44,PC,HU311,2019
26.3,PC_Y25_44,PC,HU312,2019
25.7,PC_Y25_44,PC,HU313,2019
27.8,PC_Y25_44,PC,HU321,2019
26.8,PC_Y25_44,PC,HU322,2019
27.8,PC_Y25_44,PC,HU323,2019
27.0,PC_Y25_44,PC,HU331,2019
25.7,PC_Y25_44,PC,HU332,2019
27.8,PC_Y25_44,PC,HU333,2019
25.2,PC_Y25_44,PC,IE041,2019
26.3,PC_Y25_44,PC,IE042,2019
25.9,PC_Y25_44,PC,IE051,2019
26.0,PC_Y25_44,PC,IE052,2019
27.3,PC_Y25_44,PC,IE053,2019
33.3,PC_Y25_44,PC,IE061,2019
27.6,PC_Y25_44,PC,IE062,2019
27.0,PC_Y25_44,PC,IE063,2019
30.1,PC_Y25_44,PC,IS001,2019
27.6,PC_Y25_44,PC,IS002,2019
23.1,PC_Y25_44,PC,ITC11,2019
21.8,PC_Y25_44,PC,ITC12,2019
20.6,PC_Y25_44,PC,ITC13,2019
21.3,PC_Y25_44,PC,ITC14,2019
23.6,PC_Y25_44,PC,ITC15,2019
23.3,PC_Y25_44,PC,ITC16,2019
22.2,PC_Y25_44,PC,ITC17,2019
21.7,PC_Y25_44,PC,ITC18,2019
22.6,PC_Y25_44,PC,ITC20,2019
21.3,PC_Y25_44,PC,ITC31,2019
20.2,PC_Y25_44,PC,ITC32,2019
20.7,PC_Y25_44,PC,ITC33,2019
21.8,PC_Y25_44,PC,ITC34,2019
23.7,PC_Y25_44,PC,ITC41,2019
24.0,PC_Y25_44,PC,ITC42,2019
23.1,PC_Y25_44,PC,ITC43,2019
22.9,PC_Y25_44,PC,ITC44,2019
24.4,PC_Y25_44,PC,ITC46,2019
24.7,PC_Y25_44,PC,ITC47,2019
23.8,PC_Y25_44,PC,ITC48,2019
24.9,PC_Y25_44,PC,ITC49,2019
23.7,PC_Y25_44,PC,ITC4A,2019
24.1,PC_Y25_44,PC,ITC4B,2019
25.1,PC_Y25_44,PC,ITC4C,2019
23.9,PC_Y25_44,PC,ITC4D,2019
25.0,PC_Y25_44,PC,ITF11,2019
24.8,PC_Y25_44,PC,ITF12,2019
24.0,PC_Y25_44,PC,ITF13,2019
24.2,PC_Y25_44,PC,ITF14,2019
24.8,PC_Y25_44,PC,ITF21,2019
24.2,PC_Y25_44,PC,ITF22,2019
27.1,PC_Y25_44,PC,ITF31,2019
25.0,PC_Y25_44,PC,ITF32,2019
26.4,PC_Y25_44,PC,ITF33,2019
25.4,PC_Y25_44,PC,ITF34,2019
25.8,PC_Y25_44,PC,ITF35,2019
24.9,PC_Y25_44,PC,ITF43,2019
25.1,PC_Y25_44,PC,ITF44,2019
24.6,PC_Y25_44,PC,ITF45,2019
25.1,PC_Y25_44,PC,ITF46,2019
25.3,PC_Y25_44,PC,ITF47,2019
25.7,PC_Y25_44,PC,ITF48,2019
24.6,PC_Y25_44,PC,ITF51,2019
25.4,PC_Y25_44,PC,ITF52,2019
25.8,PC_Y25_44,PC,ITF61,2019
26.9,PC_Y25_44,PC,ITF62,2019
25.6,PC_Y25_44,PC,ITF63,2019
25.4,PC_Y25_44,PC,ITF64,2019
26.0,PC_Y25_44,PC,ITF65,2019
24.6,PC_Y25_44,PC,ITG11,2019
25.5,PC_Y25_44,PC,ITG12,2019
24.7,PC_Y25_44,PC,ITG13,2019
24.7,PC_Y25_44,PC,ITG14,2019
25.0,PC_Y25_44,PC,ITG15,2019
24.4,PC_Y25_44,PC,ITG16,2019
26.1,PC_Y25_44,PC,ITG17,2019
26.8,PC_Y25_44,PC,ITG18,2019
25.8,PC_Y25_44,PC,ITG19,2019
24.4,PC_Y25_44,PC,ITG25,2019
23.5,PC_Y25_44,PC,ITG26,2019
25.1,PC_Y25_44,PC,ITG27,2019
23.6,PC_Y25_44,PC,ITG28,2019
26.4,PC_Y25_44,PC,ITG29,2019
23.9,PC_Y25_44,PC,ITG2A,2019
24.1,PC_Y25_44,PC,ITG2B,2019
23.8,PC_Y25_44,PC,ITG2C,2019
24.5,PC_Y25_44,PC,ITH10,2019
23.7,PC_Y25_44,PC,ITH20,2019
24.7,PC_Y25_44,PC,ITH31,2019
23.6,PC_Y25_44,PC,ITH32,2019
21.5,PC_Y25_44,PC,ITH33,2019
23.5,PC_Y25_44,PC,ITH34,2019
22.5,PC_Y25_44,PC,ITH35,2019
23.9,PC_Y25_44,PC,ITH36,2019
22.7,PC_Y25_44,PC,ITH37,2019
23.8,PC_Y25_44,PC,ITH41,2019
22.2,PC_Y25_44,PC,ITH42,2019
21.6,PC_Y25_44,PC,ITH43,2019
21.7,PC_Y25_44,PC,ITH44,2019
23.4,PC_Y25_44,PC,ITH51,2019
25.1,PC_Y25_44,PC,ITH52,2019
24.7,PC_Y25_44,PC,ITH53,2019
24.3,PC_Y25_44,PC,ITH54,2019
24.2,PC_Y25_44,PC,ITH55,2019
21.6,PC_Y25_44,PC,ITH56,2019
22.6,PC_Y25_44,PC,ITH57,2019
23.6,PC_Y25_44,PC,ITH58,2019
24.2,PC_Y25_44,PC,ITH59,2019
22.3,PC_Y25_44,PC,ITI11,2019
22.4,PC_Y25_44,PC,ITI12,2019
23.3,PC_Y25_44,PC,ITI13,2019
23.2,PC_Y25_44,PC,ITI14,2019
25.0,PC_Y25_44,PC,ITI15,2019
22.0,PC_Y25_44,PC,ITI16,2019
24.4,PC_Y25_44,PC,ITI17,2019
23.6,PC_Y25_44,PC,ITI18,2019
23.3,PC_Y25_44,PC,ITI19,2019
22.0,PC_Y25_44,PC,ITI1A,2019
23.8,PC_Y25_44,PC,ITI21,2019
22.4,PC_Y25_44,PC,ITI22,2019
23.6,PC_Y25_44,PC,ITI31,2019
23.5,PC_Y25_44,PC,ITI32,2019
24.0,PC_Y25_44,PC,ITI33,2019
23.4,PC_Y25_44,PC,ITI34,2019
23.7,PC_Y25_44,PC,ITI35,2019
24.6,PC_Y25_44,PC,ITI41,2019
23.7,PC_Y25_44,PC,ITI42,2019
25.0,PC_Y25_44,PC,ITI43,2019
26.0,PC_Y25_44,PC,ITI44,2019
25.5,PC_Y25_44,PC,ITI45,2019
25.4,PC_Y25_44,PC,LI000,2019
31.3,PC_Y25_44,PC,LT011,2019
20.8,PC_Y25_44,PC,LT021,2019
26.4,PC_Y25_44,PC,LT022,2019
25.3,PC_Y25_44,PC,LT023,2019
21.6,PC_Y25_44,PC,LT024,2019
20.1,PC_Y25_44,PC,LT025,2019
22.1,PC_Y25_44,PC,LT026,2019
20.6,PC_Y25_44,PC,LT027,2019
21.4,PC_Y25_44,PC,LT028,2019
19.4,PC_Y25_44,PC,LT029,2019
30.7,PC_Y25_44,PC,LU000,2019
24.7,PC_Y25_44,PC,LV003,2019
23.6,PC_Y25_44,PC,LV005,2019
29.3,PC_Y25_44,PC,LV006,2019
28.2,PC_Y25_44,PC,LV007,2019
24.8,PC_Y25_44,PC,LV008,2019
26.2,PC_Y25_44,PC,LV009,2019
27.7,PC_Y25_44,PC,ME000,2019
29.1,PC_Y25_44,PC,MK001,2019
29.4,PC_Y25_44,PC,MK002,2019
32.9,PC_Y25_44,PC,MK003,2019
29.6,PC_Y25_44,PC,MK004,2019
28.9,PC_Y25_44,PC,MK005,2019
33.7,PC_Y25_44,PC,MK006,2019
30.3,PC_Y25_44,PC,MK007,2019
29.5,PC_Y25_44,PC,MK008,2019
32.8,PC_Y25_44,PC,MT001,2019
27.4,PC_Y25_44,PC,MT002,2019
20.0,PC_Y25_44,PC,NL111,2019
19.8,PC_Y25_44,PC,NL112,2019
25.9,PC_Y25_44,PC,NL113,2019
22.8,PC_Y25_44,PC,NL124,2019
20.4,PC_Y25_44,PC,NL125,2019
21.4,PC_Y25_44,PC,NL126,2019
20.1,PC_Y25_44,PC,NL131,2019
20.5,PC_Y25_44,PC,NL132,2019
21.6,PC_Y25_44,PC,NL133,2019
24.6,PC_Y25_44,PC,NL211,2019
23.5,PC_Y25_44,PC,NL212,2019
23.0,PC_Y25_44,PC,NL213,2019
22.9,PC_Y25_44,PC,NL221,2019
22.4,PC_Y25_44,PC,NL224,2019
19.7,PC_Y25_44,PC,NL225,2019
24.3,PC_Y25_44,PC,NL226,2019
26.2,PC_Y25_44,PC,NL230,2019
26.5,PC_Y25_44,PC,NL310,2019
22.2,PC_Y25_44,PC,NL321,2019
22.4,PC_Y25_44,PC,NL323,2019
25.7,PC_Y25_44,PC,NL324,2019
25.0,PC_Y25_44,PC,NL325,2019
22.3,PC_Y25_44,PC,NL327,2019
23.0,PC_Y25_44,PC,NL328,2019
31.4,PC_Y25_44,PC,NL329,2019
27.8,PC_Y25_44,PC,NL332,2019
26.0,PC_Y25_44,PC,NL333,2019
24.6,PC_Y25_44,PC,NL337,2019
24.0,PC_Y25_44,PC,NL33A,2019
23.7,PC_Y25_44,PC,NL33B,2019
26.5,PC_Y25_44,PC,NL33C,2019
20.7,PC_Y25_44,PC,NL341,2019
21.7,PC_Y25_44,PC,NL342,2019
23.3,PC_Y25_44,PC,NL411,2019
24.5,PC_Y25_44,PC,NL412,2019
23.1,PC_Y25_44,PC,NL413,2019
24.7,PC_Y25_44,PC,NL414,2019
21.9,PC_Y25_44,PC,NL421,2019
21.6,PC_Y25_44,PC,NL422,2019
21.7,PC_Y25_44,PC,NL423,2019
37.1,PC_Y25_44,PC,NO011,2019
26.0,PC_Y25_44,PC,NO012,2019
22.7,PC_Y25_44,PC,NO021,2019
22.8,PC_Y25_44,PC,NO022,2019
24.4,PC_Y25_44,PC,NO031,2019
25.7,PC_Y25_44,PC,NO032,2019
24.4,PC_Y25_44,PC,NO033,2019
23.3,PC_Y25_44,PC,NO034,2019
24.7,PC_Y25_44,PC,NO041,2019
25.7,PC_Y25_44,PC,NO042,2019
27.9,PC_Y25_44,PC,NO043,2019
27.7,PC_Y25_44,PC,NO051,2019
22.7,PC_Y25_44,PC,NO052,2019
24.5,PC_Y25_44,PC,NO053,2019
26.6,PC_Y25_44,PC,NO060,2019
,PC_Y25_44,PC,NO061,2019
,PC_Y25_44,PC,NO062,2019
23.7,PC_Y25_44,PC,NO071,2019
26.2,PC_Y25_44,PC,NO072,2019
25.0,PC_Y25_44,PC,NO073,2019
33.6,PC_Y25_44,PC,PL213,2019
31.1,PC_Y25_44,PC,PL214,2019
30.2,PC_Y25_44,PC,PL217,2019
30.0,PC_Y25_44,PC,PL218,2019
30.0,PC_Y25_44,PC,PL219,2019
30.0,PC_Y25_44,PC,PL21A,2019
29.1,PC_Y25_44,PC,PL224,2019
29.9,PC_Y25_44,PC,PL225,2019
30.1,PC_Y25_44,PC,PL227,2019
29.9,PC_Y25_44,PC,PL228,2019
29.8,PC_Y25_44,PC,PL229,2019
30.0,PC_Y25_44,PC,PL22A,2019
29.7,PC_Y25_44,PC,PL22B,2019
31.1,PC_Y25_44,PC,PL22C,2019
30.4,PC_Y25_44,PC,PL411,2019
30.2,PC_Y25_44,PC,PL414,2019
33.2,PC_Y25_44,PC,PL415,2019
30.0,PC_Y25_44,PC,PL416,2019
30.7,PC_Y25_44,PC,PL417,2019
32.6,PC_Y25_44,PC,PL418,2019
31.3,PC_Y25_44,PC,PL424,2019
29.7,PC_Y25_44,PC,PL426,2019
29.4,PC_Y25_44,PC,PL427,2019
30.4,PC_Y25_44,PC,PL428,2019
30.7,PC_Y25_44,PC,PL431,2019
30.7,PC_Y25_44,PC,PL432,2019
34.4,PC_Y25_44,PC,PL514,2019
29.6,PC_Y25_44,PC,PL515,2019
30.1,PC_Y25_44,PC,PL516,2019
29.4,PC_Y25_44,PC,PL517,2019
31.7,PC_Y25_44,PC,PL518,2019
29.7,PC_Y25_44,PC,PL523,2019
29.7,PC_Y25_44,PC,PL524,2019
31.2,PC_Y25_44,PC,PL613,2019
29.7,PC_Y25_44,PC,PL616,2019
30.0,PC_Y25_44,PC,PL617,2019
29.7,PC_Y25_44,PC,PL618,2019
29.1,PC_Y25_44,PC,PL619,2019
29.9,PC_Y25_44,PC,PL621,2019
30.9,PC_Y25_44,PC,PL622,2019
30.1,PC_Y25_44,PC,PL623,2019
31.5,PC_Y25_44,PC,PL633,2019
31.5,PC_Y25_44,PC,PL634,2019
29.9,PC_Y25_44,PC,PL636,2019
29.5,PC_Y25_44,PC,PL637,2019
30.5,PC_Y25_44,PC,PL638,2019
29.7,PC_Y25_44,PC,PL711,2019
29.3,PC_Y25_44,PC,PL712,2019
29.5,PC_Y25_44,PC,PL713,2019
29.2,PC_Y25_44,PC,PL714,2019
28.8,PC_Y25_44,PC,PL715,2019
29.7,PC_Y25_44,PC,PL721,2019
29.0,PC_Y25_44,PC,PL722,2019
29.4,PC_Y25_44,PC,PL811,2019
29.3,PC_Y25_44,PC,PL812,2019
31.2,PC_Y25_44,PC,PL814,2019
28.9,PC_Y25_44,PC,PL815,2019
29.9,PC_Y25_44,PC,PL821,2019
30.2,PC_Y25_44,PC,PL822,2019
31.7,PC_Y25_44,PC,PL823,2019
30.4,PC_Y25_44,PC,PL824,2019
31.2,PC_Y25_44,PC,PL841,2019
28.3,PC_Y25_44,PC,PL842,2019
29.1,PC_Y25_44,PC,PL843,2019
33.2,PC_Y25_44,PC,PL911,2019
31.3,PC_Y25_44,PC,PL912,2019
30.6,PC_Y25_44,PC,PL913,2019
29.8,PC_Y25_44,PC,PL921,2019
29.3,PC_Y25_44,PC,PL922,2019
29.6,PC_Y25_44,PC,PL923,2019
29.4,PC_Y25_44,PC,PL924,2019
29.7,PC_Y25_44,PC,PL925,2019
29.9,PC_Y25_44,PC,PL926,2019
24.6,PC_Y25_44,PC,PT111,2019
27.6,PC_Y25_44,PC,PT112,2019
26.3,PC_Y25_44,PC,PT119,2019
25.5,PC_Y25_44,PC,PT11A,2019
21.7,PC_Y25_44,PC,PT11B,2019
26.6,PC_Y25_44,PC,PT11C,2019
23.9,PC_Y25_44,PC,PT11D,2019
22.2,PC_Y25_44,PC,PT11E,2019
25.6,PC_Y25_44,PC,PT150,2019
25.8,PC_Y25_44,PC,PT16B,2019
25.4,PC_Y25_44,PC,PT16D,2019
23.8,PC_Y25_44,PC,PT16E,2019
25.1,PC_Y25_44,PC,PT16F,2019
24.3,PC_Y25_44,PC,PT16G,2019
22.6,PC_Y25_44,PC,PT16H,2019
23.4,PC_Y25_44,PC,PT16I,2019
21.8,PC_Y25_44,PC,PT16J,2019
25.6,PC_Y25_44,PC,PT170,2019
24.7,PC_Y25_44,PC,PT181,2019
23.7,PC_Y25_44,PC,PT184,2019
24.4,PC_Y25_44,PC,PT185,2019
22.9,PC_Y25_44,PC,PT186,2019
23.5,PC_Y25_44,PC,PT187,2019
30.2,PC_Y25_44,PC,PT200,2019
28.0,PC_Y25_44,PC,PT300,2019
28.7,PC_Y25_44,PC,RO111,2019
25.7,PC_Y25_44,PC,RO112,2019
34.3,PC_Y25_44,PC,RO113,2019
28.1,PC_Y25_44,PC,RO114,2019
28.3,PC_Y25_44,PC,RO115,2019
24.0,PC_Y25_44,PC,RO116,2019
25.1,PC_Y25_44,PC,RO121,2019
29.2,PC_Y25_44,PC,RO122,2019
27.4,PC_Y25_44,PC,RO123,2019
28.0,PC_Y25_44,PC,RO124,2019
27.1,PC_Y25_44,PC,RO125,2019
29.6,PC_Y25_44,PC,RO126,2019
24.2,PC_Y25_44,PC,RO211,2019
24.2,PC_Y25_44,PC,RO212,2019
30.8,PC_Y25_44,PC,RO213,2019
23.0,PC_Y25_44,PC,RO214,2019
25.1,PC_Y25_44,PC,RO215,2019
22.0,PC_Y25_44,PC,RO216,2019
23.9,PC_Y25_44,PC,RO221,2019
23.3,PC_Y25_44,PC,RO222,2019
28.7,PC_Y25_44,PC,RO223,2019
25.7,PC_Y25_44,PC,RO224,2019
24.0,PC_Y25_44,PC,RO225,2019
23.6,PC_Y25_44,PC,RO226,2019
26.6,PC_Y25_44,PC,RO311,2019
24.4,PC_Y25_44,PC,RO312,2019
27.9,PC_Y25_44,PC,RO313,2019
26.0,PC_Y25_44,PC,RO314,2019
23.5,PC_Y25_44,PC,RO315,2019
26.0,PC_Y25_44,PC,RO316,2019
21.3,PC_Y25_44,PC,RO317,2019
35.7,PC_Y25_44,PC,RO321,2019
34.5,PC_Y25_44,PC,RO322,2019
27.8,PC_Y25_44,PC,RO411,2019
25.9,PC_Y25_44,PC,RO412,2019
24.4,PC_Y25_44,PC,RO413,2019
24.2,PC_Y25_44,PC,RO414,2019
23.2,PC_Y25_44,PC,RO415,2019
27.7,PC_Y25_44,PC,RO421,2019
25.0,PC_Y25_44,PC,RO422,2019
23.7,PC_Y25_44,PC,RO423,2019
34.5,PC_Y25_44,PC,RO424,2019
29.7,PC_Y25_44,PC,RS110,2019
25.4,PC_Y25_44,PC,RS121,2019
26.5,PC_Y25_44,PC,RS122,2019
29.5,PC_Y25_44,PC,RS123,2019
25.8,PC_Y25_44,PC,RS124,2019
27.4,PC_Y25_44,PC,RS125,2019
25.7,PC_Y25_44,PC,RS126,2019
26.4,PC_Y25_44,PC,RS127,2019
24.2,PC_Y25_44,PC,RS211,2019
25.0,PC_Y25_44,PC,RS212,2019
25.2,PC_Y25_44,PC,RS213,2019
24.8,PC_Y25_44,PC,RS214,2019
24.8,PC_Y25_44,PC,RS215,2019
24.5,PC_Y25_44,PC,RS216,2019
26.9,PC_Y25_44,PC,RS217,2019
26.9,PC_Y25_44,PC,RS218,2019
23.7,PC_Y25_44,PC,RS221,2019
24.6,PC_Y25_44,PC,RS222,2019
22.9,PC_Y25_44,PC,RS223,2019
25.4,PC_Y25_44,PC,RS224,2019
27.0,PC_Y25_44,PC,RS225,2019
23.7,PC_Y25_44,PC,RS226,2019
25.9,PC_Y25_44,PC,RS227,2019
28.0,PC_Y25_44,PC,RS228,2019
23.9,PC_Y25_44,PC,RS229,2019
30.2,PC_Y25_44,PC,SE110,2019
27.5,PC_Y25_44,PC,SE121,2019
23.5,PC_Y25_44,PC,SE122,2019
25.7,PC_Y25_44,PC,SE123,2019
24.9,PC_Y25_44,PC,SE124,2019
24.6,PC_Y25_44,PC,SE125,2019
24.7,PC_Y25_44,PC,SE211,2019
25.1,PC_Y25_44,PC,SE212,2019
22.7,PC_Y25_44,PC,SE213,2019
21.9,PC_Y25_44,PC,SE214,2019
23.3,PC_Y25_44,PC,SE221,2019
26.8,PC_Y25_44,PC,SE224,2019
23.7,PC_Y25_44,PC,SE231,2019
27.1,PC_Y25_44,PC,SE232,2019
23.2,PC_Y25_44,PC,SE311,2019
22.9,PC_Y25_44,PC,SE312,2019
23.0,PC_Y25_44,PC,SE313,2019
23.0,PC_Y25_44,PC,SE321,2019
24.0,PC_Y25_44,PC,SE322,2019
26.1,PC_Y25_44,PC,SE331,2019
23.3,PC_Y25_44,PC,SE332,2019
25.9,PC_Y25_44,PC,SI031,2019
26.6,PC_Y25_44,PC,SI032,2019
26.0,PC_Y25_44,PC,SI033,2019
27.3,PC_Y25_44,PC,SI034,2019
26.2,PC_Y25_44,PC,SI035,2019
26.3,PC_Y25_44,PC,SI036,2019
27.5,PC_Y25_44,PC,SI037,2019
26.8,PC_Y25_44,PC,SI038,2019
28.1,PC_Y25_44,PC,SI041,2019
26.8,PC_Y25_44,PC,SI042,2019
25.8,PC_Y25_44,PC,SI043,2019
27.0,PC_Y25_44,PC,SI044,2019
33.7,PC_Y25_44,PC,SK010,2019
31.7,PC_Y25_44,PC,SK021,2019
30.8,PC_Y25_44,PC,SK022,2019
30.6,PC_Y25_44,PC,SK023,2019
31.2,PC_Y25_44,PC,SK031,2019
30.3,PC_Y25_44,PC,SK032,2019
30.4,PC_Y25_44,PC,SK041,2019
30.5,PC_Y25_44,PC,SK042,2019
35.0,PC_Y25_44,PC,TR100,2019
33.4,PC_Y25_44,PC,TR211,2019
27.5,PC_Y25_44,PC,TR212,2019
29.3,PC_Y25_44,PC,TR213,2019
27.4,PC_Y25_44,PC,TR221,2019
27.8,PC_Y25_44,PC,TR222,2019
31.7,PC_Y25_44,PC,TR310,2019
28.3,PC_Y25_44,PC,TR321,2019
30.4,PC_Y25_44,PC,TR322,2019
30.4,PC_Y25_44,PC,TR323,2019
29.7,PC_Y25_44,PC,TR331,2019
28.0,PC_Y25_44,PC,TR332,2019
29.0,PC_Y25_44,PC,TR333,2019
28.9,PC_Y25_44,PC,TR334,2019
32.0,PC_Y25_44,PC,TR411,2019
30.5,PC_Y25_44,PC,TR412,2019
29.8,PC_Y25_44,PC,TR413,2019
33.8,PC_Y25_44,PC,TR421,2019
30.2,PC_Y25_44,PC,TR422,2019
30.1,PC_Y25_44,PC,TR423,2019
28.4,PC_Y25_44,PC,TR424,2019
29.0,PC_Y25_44,PC,TR425,2019
32.4,PC_Y25_44,PC,TR510,2019
28.6,PC_Y25_44,PC,TR521,2019
28.5,PC_Y25_44,PC,TR522,2019
32.5,PC_Y25_44,PC,TR611,2019
27.2,PC_Y25_44,PC,TR612,2019
26.5,PC_Y25_44,PC,TR613,2019
30.0,PC_Y25_44,PC,TR621,2019
29.5,PC_Y25_44,PC,TR622,2019
28.5,PC_Y25_44,PC,TR631,2019
28.7,PC_Y25_44,PC,TR632,2019
28.2,PC_Y25_44,PC,TR633,2019
26.9,PC_Y25_44,PC,TR711,2019
29.1,PC_Y25_44,PC,TR712,2019
27.5,PC_Y25_44,PC,TR713,2019
28.2,PC_Y25_44,PC,TR714,2019
27.4,PC_Y25_44,PC,TR715,2019
30.1,PC_Y25_44,PC,TR721,2019
27.0,PC_Y25_44,PC,TR722,2019
26.6,PC_Y25_44,PC,TR723,2019
29.3,PC_Y25_44,PC,TR811,2019
26.7,PC_Y25_44,PC,TR812,2019
28.1,PC_Y25_44,PC,TR813,2019
25.9,PC_Y25_44,PC,TR821,2019
26.0,PC_Y25_44,PC,TR822,2019
25.2,PC_Y25_44,PC,TR823,2019
28.6,PC_Y25_44,PC,TR831,2019
26.4,PC_Y25_44,PC,TR832,2019
26.9,PC_Y25_44,PC,TR833,2019
27.7,PC_Y25_44,PC,TR834,2019
28.1,PC_Y25_44,PC,TR901,2019
27.1,PC_Y25_44,PC,TR902,2019
25.4,PC_Y25_44,PC,TR903,2019
27.7,PC_Y25_44,PC,TR904,2019
26.5,PC_Y25_44,PC,TR905,2019
27.9,PC_Y25_44,PC,TR906,2019
27.7,PC_Y25_44,PC,TRA11,2019
27.9,PC_Y25_44,PC,TRA12,2019
26.3,PC_Y25_44,PC,TRA13,2019
25.9,PC_Y25_44,PC,TRA21,2019
27.6,PC_Y25_44,PC,TRA22,2019
28.0,PC_Y25_44,PC,TRA23,2019
27.5,PC_Y25_44,PC,TRA24,2019
29.0,PC_Y25_44,PC,TRB11,2019
29.2,PC_Y25_44,PC,TRB12,2019
31.0,PC_Y25_44,PC,TRB13,2019
32.4,PC_Y25_44,PC,TRB14,2019
28.0,PC_Y25_44,PC,TRB21,2019
26.5,PC_Y25_44,PC,TRB22,2019
27.8,PC_Y25_44,PC,TRB23,2019
31.8,PC_Y25_44,PC,TRB24,2019
29.2,PC_Y25_44,PC,TRC11,2019
28.5,PC_Y25_44,PC,TRC12,2019
27.0,PC_Y25_44,PC,TRC13,2019
25.7,PC_Y25_44,PC,TRC21,2019
29.4,PC_Y25_44,PC,TRC22,2019
27.9,PC_Y25_44,PC,TRC31,2019
28.4,PC_Y25_44,PC,TRC32,2019
27.4,PC_Y25_44,PC,TRC33,2019
26.4,PC_Y25_44,PC,TRC34,2019
24.9,PC_Y25_44,PC,UKC11,2019
23.9,PC_Y25_44,PC,UKC12,2019
24.2,PC_Y25_44,PC,UKC13,2019
23.1,PC_Y25_44,PC,UKC14,2019
21.3,PC_Y25_44,PC,UKC21,2019
26.1,PC_Y25_44,PC,UKC22,2019
24.8,PC_Y25_44,PC,UKC23,2019
21.8,PC_Y25_44,PC,UKD11,2019
20.5,PC_Y25_44,PC,UKD12,2019
34.3,PC_Y25_44,PC,UKD33,2019
28.6,PC_Y25_44,PC,UKD34,2019
25.2,PC_Y25_44,PC,UKD35,2019
25.3,PC_Y25_44,PC,UKD36,2019
25.8,PC_Y25_44,PC,UKD37,2019
26.6,PC_Y25_44,PC,UKD41,2019
23.1,PC_Y25_44,PC,UKD42,2019
21.2,PC_Y25_44,PC,UKD44,2019
23.2,PC_Y25_44,PC,UKD45,2019
25.0,PC_Y25_44,PC,UKD46,2019
22.7,PC_Y25_44,PC,UKD47,2019
25.4,PC_Y25_44,PC,UKD61,2019
21.8,PC_Y25_44,PC,UKD62,2019
22.8,PC_Y25_44,PC,UKD63,2019
24.7,PC_Y25_44,PC,UKD71,2019
29.5,PC_Y25_44,PC,UKD72,2019
21.9,PC_Y25_44,PC,UKD73,2019
23.0,PC_Y25_44,PC,UKD74,2019
28.6,PC_Y25_44,PC,UKE11,2019
19.8,PC_Y25_44,PC,UKE12,2019
23.8,PC_Y25_44,PC,UKE13,2019
25.6,PC_Y25_44,PC,UKE21,2019
21.0,PC_Y25_44,PC,UKE22,2019
24.9,PC_Y25_44,PC,UKE31,2019
26.9,PC_Y25_44,PC,UKE32,2019
26.3,PC_Y25_44,PC,UKE41,2019
27.4,PC_Y25_44,PC,UKE42,2019
25.0,PC_Y25_44,PC,UKE44,2019
25.3,PC_Y25_44,PC,UKE45,2019
26.7,PC_Y25_44,PC,UKF11,2019
23.1,PC_Y25_44,PC,UKF12,2019
22.9,PC_Y25_44,PC,UKF13,2019
28.0,PC_Y25_44,PC,UKF14,2019
23.7,PC_Y25_44,PC,UKF15,2019
24.4,PC_Y25_44,PC,UKF16,2019
29.1,PC_Y25_44,PC,UKF21,2019
23.1,PC_Y25_44,PC,UKF22,2019
25.4,PC_Y25_44,PC,UKF24,2019
24.8,PC_Y25_44,PC,UKF25,2019
22.0,PC_Y25_44,PC,UKF30,2019
22.3,PC_Y25_44,PC,UKG11,2019
22.8,PC_Y25_44,PC,UKG12,2019
24.1,PC_Y25_44,PC,UKG13,2019
25.2,PC_Y25_44,PC,UKG21,2019
21.3,PC_Y25_44,PC,UKG22,2019
26.3,PC_Y25_44,PC,UKG23,2019
23.3,PC_Y25_44,PC,UKG24,2019
28.4,PC_Y25_44,PC,UKG31,2019
23.1,PC_Y25_44,PC,UKG32,2019
30.1,PC_Y25_44,PC,UKG33,2019
24.2,PC_Y25_44,PC,UKG36,2019
27.8,PC_Y25_44,PC,UKG37,2019
25.6,PC_Y25_44,PC,UKG38,2019
27.0,PC_Y25_44,PC,UKG39,2019
29.2,PC_Y25_44,PC,UKH11,2019
25.1,PC_Y25_44,PC,UKH12,2019
22.8,PC_Y25_44,PC,UKH14,2019
24.5,PC_Y25_44,PC,UKH15,2019
19.7,PC_Y25_44,PC,UKH16,2019
21.9,PC_Y25_44,PC,UKH17,2019
30.7,PC_Y25_44,PC,UKH21,2019
26.8,PC_Y25_44,PC,UKH23,2019
25.5,PC_Y25_44,PC,UKH24,2019
26.4,PC_Y25_44,PC,UKH25,2019
25.6,PC_Y25_44,PC,UKH31,2019
28.9,PC_Y25_44,PC,UKH32,2019
23.5,PC_Y25_44,PC,UKH34,2019
25.1,PC_Y25_44,PC,UKH35,2019
24.3,PC_Y25_44,PC,UKH36,2019
24.2,PC_Y25_44,PC,UKH37,2019
36.0,PC_Y25_44,PC,UKI31,2019
37.3,PC_Y25_44,PC,UKI32,2019
35.4,PC_Y25_44,PC,UKI33,2019
43.7,PC_Y25_44,PC,UKI34,2019
40.7,PC_Y25_44,PC,UKI41,2019
44.1,PC_Y25_44,PC,UKI42,2019
38.8,PC_Y25_44,PC,UKI43,2019
38.6,PC_Y25_44,PC,UKI44,2019
43.4,PC_Y25_44,PC,UKI45,2019
31.4,PC_Y25_44,PC,UKI51,2019
29.0,PC_Y25_44,PC,UKI52,2019
33.4,PC_Y25_44,PC,UKI53,2019
29.6,PC_Y25_44,PC,UKI54,2019
27.7,PC_Y25_44,PC,UKI61,2019
29.3,PC_Y25_44,PC,UKI62,2019
31.5,PC_Y25_44,PC,UKI63,2019
31.0,PC_Y25_44,PC,UKI71,2019
32.3,PC_Y25_44,PC,UKI72,2019
31.6,PC_Y25_44,PC,UKI73,2019
29.9,PC_Y25_44,PC,UKI74,2019
31.3,PC_Y25_44,PC,UKI75,2019
27.5,PC_Y25_44,PC,UKJ11,2019
29.5,PC_Y25_44,PC,UKJ12,2019
24.2,PC_Y25_44,PC,UKJ13,2019
25.4,PC_Y25_44,PC,UKJ14,2019
30.6,PC_Y25_44,PC,UKJ21,2019
20.4,PC_Y25_44,PC,UKJ22,2019
24.8,PC_Y25_44,PC,UKJ25,2019
24.1,PC_Y25_44,PC,UKJ26,2019
21.1,PC_Y25_44,PC,UKJ27,2019
25.1,PC_Y25_44,PC,UKJ28,2019
28.1,PC_Y25_44,PC,UKJ31,2019
29.3,PC_Y25_44,PC,UKJ32,2019
19.2,PC_Y25_44,PC,UKJ34,2019
23.4,PC_Y25_44,PC,UKJ35,2019
20.6,PC_Y25_44,PC,UKJ36,2019
26.5,PC_Y25_44,PC,UKJ37,2019
27.0,PC_Y25_44,PC,UKJ41,2019
26.3,PC_Y25_44,PC,UKJ43,2019
21.8,PC_Y25_44,PC,UKJ44,2019
24.6,PC_Y25_44,PC,UKJ45,2019
23.5,PC_Y25_44,PC,UKJ46,2019
33.0,PC_Y25_44,PC,UKK11,2019
23.9,PC_Y25_44,PC,UKK12,2019
23.0,PC_Y25_44,PC,UKK13,2019
27.0,PC_Y25_44,PC,UKK14,2019
22.7,PC_Y25_44,PC,UKK15,2019
25.6,PC_Y25_44,PC,UKK21,2019
18.7,PC_Y25_44,PC,UKK22,2019
21.0,PC_Y25_44,PC,UKK23,2019
20.5,PC_Y25_44,PC,UKK30,2019
25.1,PC_Y25_44,PC,UKK41,2019
20.1,PC_Y25_44,PC,UKK42,2019
21.0,PC_Y25_44,PC,UKK43,2019
20.8,PC_Y25_44,PC,UKL11,2019
21.3,PC_Y25_44,PC,UKL12,2019
20.3,PC_Y25_44,PC,UKL13,2019
20.5,PC_Y25_44,PC,UKL14,2019
25.2,PC_Y25_44,PC,UKL15,2019
24.6,PC_Y25_44,PC,UKL16,2019
24.4,PC_Y25_44,PC,UKL17,2019
24.7,PC_Y25_44,PC,UKL18,2019
23.6,PC_Y25_44,PC,UKL21,2019
27.3,PC_Y25_44,PC,UKL22,2019
24.0,PC_Y25_44,PC,UKL23,2019
18.8,PC_Y25_44,PC,UKL24,2019
28.6,PC_Y25_44,PC,UKM50,2019
21.4,PC_Y25_44,PC,UKM61,2019
23.5,PC_Y25_44,PC,UKM62,2019
20.1,PC_Y25_44,PC,UKM63,2019
20.4,PC_Y25_44,PC,UKM64,2019
21.7,PC_Y25_44,PC,UKM65,2019
23.9,PC_Y25_44,PC,UKM66,2019
25.6,PC_Y25_44,PC,UKM71,2019
23.3,PC_Y25_44,PC,UKM72,2019
23.9,PC_Y25_44,PC,UKM73,2019
34.1,PC_Y25_44,PC,UKM75,2019
24.9,PC_Y25_44,PC,UKM76,2019
22.8,PC_Y25_44,PC,UKM77,2019
25.7,PC_Y25_44,PC,UKM78,2019
22.3,PC_Y25_44,PC,UKM81,2019
33.7,PC_Y25_44,PC,UKM82,2019
23.5,PC_Y25_44,PC,UKM83,2019
25.3,PC_Y25_44,PC,UKM84,2019
19.3,PC_Y25_44,PC,UKM91,2019
19.8,PC_Y25_44,PC,UKM92,2019
22.3,PC_Y25_44,PC,UKM93,2019
20.2,PC_Y25_44,PC,UKM94,2019
24.0,PC_Y25_44,PC,UKM95,2019
28.1,PC_Y25_44,PC,UKN06,2019
26.7,PC_Y25_44,PC,UKN07,2019
25.4,PC_Y25_44,PC,UKN08,2019
23.3,PC_Y25_44,PC,UKN09,2019
25.4,PC_Y25_44,PC,UKN10,2019
27.5,PC_Y25_44,PC,UKN11,2019
23.6,PC_Y25_44,PC,UKN12,2019
25.7,PC_Y25_44,PC,UKN13,2019
25.8,PC_Y25_44,PC,UKN14,2019
24.0,PC_Y25_44,PC,UKN15,2019
25.0,PC_Y25_44,PC,UKN16,2019
